UnitID,Institution Name,First-time degree/certificate-seeking undergraduate students (EF2016C  All first-time degree/certificate seeking undergraduates  total),First-time degree/certificate-seeking undergraduate students (EF2016C  US total),First-time degree/certificate-seeking undergraduate students (EF2016C  Outlying areas total),First-time degree/certificate-seeking undergraduate students (EF2016C  Foreign countries),First-time degree/certificate-seeking undergraduate students (EF2016C  Residence not reported),First-time degree/certificate-seeking undergraduate students (EF2016C  Alabama),First-time degree/certificate-seeking undergraduate students (EF2016C  Alaska),First-time degree/certificate-seeking undergraduate students (EF2016C  Arizona),First-time degree/certificate-seeking undergraduate students (EF2016C  Arkansas),First-time degree/certificate-seeking undergraduate students (EF2016C  California),First-time degree/certificate-seeking undergraduate students (EF2016C  Colorado),First-time degree/certificate-seeking undergraduate students (EF2016C  Connecticut),First-time degree/certificate-seeking undergraduate students (EF2016C  Delaware),First-time degree/certificate-seeking undergraduate students (EF2016C  District of Columbia),First-time degree/certificate-seeking undergraduate students (EF2016C  Florida),First-time degree/certificate-seeking undergraduate students (EF2016C  Georgia),First-time degree/certificate-seeking undergraduate students (EF2016C  Hawaii),First-time degree/certificate-seeking undergraduate students (EF2016C  Idaho),First-time degree/certificate-seeking undergraduate students (EF2016C  Illinois),First-time degree/certificate-seeking undergraduate students (EF2016C  Indiana),First-time degree/certificate-seeking undergraduate students (EF2016C  Iowa),First-time degree/certificate-seeking undergraduate students (EF2016C  Kansas),First-time degree/certificate-seeking undergraduate students (EF2016C  Kentucky),First-time degree/certificate-seeking undergraduate students (EF2016C  Louisiana),First-time degree/certificate-seeking undergraduate students (EF2016C  Maine),First-time degree/certificate-seeking undergraduate students (EF2016C  Maryland),First-time degree/certificate-seeking undergraduate students (EF2016C  Massachusetts),First-time degree/certificate-seeking undergraduate students (EF2016C  Michigan),First-time degree/certificate-seeking undergraduate students (EF2016C  Minnesota),First-time degree/certificate-seeking undergraduate students (EF2016C  Mississippi),First-time degree/certificate-seeking undergraduate students (EF2016C  Missouri),First-time degree/certificate-seeking undergraduate students (EF2016C  Montana),First-time degree/certificate-seeking undergraduate students (EF2016C  Nebraska),First-time degree/certificate-seeking undergraduate students (EF2016C  Nevada),First-time degree/certificate-seeking undergraduate students (EF2016C  New Hampshire),First-time degree/certificate-seeking undergraduate students (EF2016C  New Jersey),First-time degree/certificate-seeking undergraduate students (EF2016C  New Mexico),First-time degree/certificate-seeking undergraduate students (EF2016C  New York),First-time degree/certificate-seeking undergraduate students (EF2016C  North Carolina),First-time degree/certificate-seeking undergraduate students (EF2016C  North Dakota),First-time degree/certificate-seeking undergraduate students (EF2016C  Ohio),First-time degree/certificate-seeking undergraduate students (EF2016C  Oklahoma),First-time degree/certificate-seeking undergraduate students (EF2016C  Oregon),First-time degree/certificate-seeking undergraduate students (EF2016C  Pennsylvania),First-time degree/certificate-seeking undergraduate students (EF2016C  Rhode Island),First-time degree/certificate-seeking undergraduate students (EF2016C  South Carolina),First-time degree/certificate-seeking undergraduate students (EF2016C  South Dakota),First-time degree/certificate-seeking undergraduate students (EF2016C  Tennessee),First-time degree/certificate-seeking undergraduate students (EF2016C  Texas),First-time degree/certificate-seeking undergraduate students (EF2016C  Utah),First-time degree/certificate-seeking undergraduate students (EF2016C  Vermont),First-time degree/certificate-seeking undergraduate students (EF2016C  Virginia),First-time degree/certificate-seeking undergraduate students (EF2016C  Washington),First-time degree/certificate-seeking undergraduate students (EF2016C  West Virginia),First-time degree/certificate-seeking undergraduate students (EF2016C  Wisconsin),First-time degree/certificate-seeking undergraduate students (EF2016C  Wyoming),First-time degree/certificate-seeking undergraduate students (EF2016C  State unknown),First-time degree/certificate-seeking undergraduate students (EF2016C  American Samoa),First-time degree/certificate-seeking undergraduate students (EF2016C  Federated States of Micronesia),First-time degree/certificate-seeking undergraduate students (EF2016C  Guam),First-time degree/certificate-seeking undergraduate students (EF2016C  Marshall Islands),First-time degree/certificate-seeking undergraduate students (EF2016C  Northern Marianas),First-time degree/certificate-seeking undergraduate students (EF2016C  Palau),First-time degree/certificate-seeking undergraduate students (EF2016C  Puerto Rico),First-time degree/certificate-seeking undergraduate students (EF2016C  Virgin Islands),First-time degree/certificate-seeking undergraduate students (EF2014C  All first-time degree/certificate seeking undergraduates  total),First-time degree/certificate-seeking undergraduate students (EF2014C  US total),First-time degree/certificate-seeking undergraduate students (EF2014C  Outlying areas total),First-time degree/certificate-seeking undergraduate students (EF2014C  Foreign countries),First-time degree/certificate-seeking undergraduate students (EF2014C  Residence not reported),First-time degree/certificate-seeking undergraduate students (EF2014C  Alabama),First-time degree/certificate-seeking undergraduate students (EF2014C  Alaska),First-time degree/certificate-seeking undergraduate students (EF2014C  Arizona),First-time degree/certificate-seeking undergraduate students (EF2014C  Arkansas),First-time degree/certificate-seeking undergraduate students (EF2014C  California),First-time degree/certificate-seeking undergraduate students (EF2014C  Colorado),First-time degree/certificate-seeking undergraduate students (EF2014C  Connecticut),First-time degree/certificate-seeking undergraduate students (EF2014C  Delaware),First-time degree/certificate-seeking undergraduate students (EF2014C  District of Columbia),First-time degree/certificate-seeking undergraduate students (EF2014C  Florida),First-time degree/certificate-seeking undergraduate students (EF2014C  Georgia),First-time degree/certificate-seeking undergraduate students (EF2014C  Hawaii),First-time degree/certificate-seeking undergraduate students (EF2014C  Idaho),First-time degree/certificate-seeking undergraduate students (EF2014C  Illinois),First-time degree/certificate-seeking undergraduate students (EF2014C  Indiana),First-time degree/certificate-seeking undergraduate students (EF2014C  Iowa),First-time degree/certificate-seeking undergraduate students (EF2014C  Kansas),First-time degree/certificate-seeking undergraduate students (EF2014C  Kentucky),First-time degree/certificate-seeking undergraduate students (EF2014C  Louisiana),First-time degree/certificate-seeking undergraduate students (EF2014C  Maine),First-time degree/certificate-seeking undergraduate students (EF2014C  Maryland),First-time degree/certificate-seeking undergraduate students (EF2014C  Massachusetts),First-time degree/certificate-seeking undergraduate students (EF2014C  Michigan),First-time degree/certificate-seeking undergraduate students (EF2014C  Minnesota),First-time degree/certificate-seeking undergraduate students (EF2014C  Mississippi),First-time degree/certificate-seeking undergraduate students (EF2014C  Missouri),First-time degree/certificate-seeking undergraduate students (EF2014C  Montana),First-time degree/certificate-seeking undergraduate students (EF2014C  Nebraska),First-time degree/certificate-seeking undergraduate students (EF2014C  Nevada),First-time degree/certificate-seeking undergraduate students (EF2014C  New Hampshire),First-time degree/certificate-seeking undergraduate students (EF2014C  New Jersey),First-time degree/certificate-seeking undergraduate students (EF2014C  New Mexico),First-time degree/certificate-seeking undergraduate students (EF2014C  New York),First-time degree/certificate-seeking undergraduate students (EF2014C  North Carolina),First-time degree/certificate-seeking undergraduate students (EF2014C  North Dakota),First-time degree/certificate-seeking undergraduate students (EF2014C  Ohio),First-time degree/certificate-seeking undergraduate students (EF2014C  Oklahoma),First-time degree/certificate-seeking undergraduate students (EF2014C  Oregon),First-time degree/certificate-seeking undergraduate students (EF2014C  Pennsylvania),First-time degree/certificate-seeking undergraduate students (EF2014C  Rhode Island),First-time degree/certificate-seeking undergraduate students (EF2014C  South Carolina),First-time degree/certificate-seeking undergraduate students (EF2014C  South Dakota),First-time degree/certificate-seeking undergraduate students (EF2014C  Tennessee),First-time degree/certificate-seeking undergraduate students (EF2014C  Texas),First-time degree/certificate-seeking undergraduate students (EF2014C  Utah),First-time degree/certificate-seeking undergraduate students (EF2014C  Vermont),First-time degree/certificate-seeking undergraduate students (EF2014C  Virginia),First-time degree/certificate-seeking undergraduate students (EF2014C  Washington),First-time degree/certificate-seeking undergraduate students (EF2014C  West Virginia),First-time degree/certificate-seeking undergraduate students (EF2014C  Wisconsin),First-time degree/certificate-seeking undergraduate students (EF2014C  Wyoming),First-time degree/certificate-seeking undergraduate students (EF2014C  State unknown),First-time degree/certificate-seeking undergraduate students (EF2014C  American Samoa),First-time degree/certificate-seeking undergraduate students (EF2014C  Federated States of Micronesia),First-time degree/certificate-seeking undergraduate students (EF2014C  Guam),First-time degree/certificate-seeking undergraduate students (EF2014C  Marshall Islands),First-time degree/certificate-seeking undergraduate students (EF2014C  Northern Marianas),First-time degree/certificate-seeking undergraduate students (EF2014C  Palau),First-time degree/certificate-seeking undergraduate students (EF2014C  Puerto Rico),First-time degree/certificate-seeking undergraduate students (EF2014C  Virgin Islands),First-time degree/certificate-seeking undergraduate students (EF2012C  All first-time degree/certificate seeking undergraduates  total),First-time degree/certificate-seeking undergraduate students (EF2012C  US total),First-time degree/certificate-seeking undergraduate students (EF2012C  Outlying areas total),First-time degree/certificate-seeking undergraduate students (EF2012C  Foreign countries),First-time degree/certificate-seeking undergraduate students (EF2012C  Residence not reported),First-time degree/certificate-seeking undergraduate students (EF2012C  Alabama),First-time degree/certificate-seeking undergraduate students (EF2012C  Alaska),First-time degree/certificate-seeking undergraduate students (EF2012C  Arizona),First-time degree/certificate-seeking undergraduate students (EF2012C  Arkansas),First-time degree/certificate-seeking undergraduate students (EF2012C  California),First-time degree/certificate-seeking undergraduate students (EF2012C  Colorado),First-time degree/certificate-seeking undergraduate students (EF2012C  Connecticut),First-time degree/certificate-seeking undergraduate students (EF2012C  Delaware),First-time degree/certificate-seeking undergraduate students (EF2012C  District of Columbia),First-time degree/certificate-seeking undergraduate students (EF2012C  Florida),First-time degree/certificate-seeking undergraduate students (EF2012C  Georgia),First-time degree/certificate-seeking undergraduate students (EF2012C  Hawaii),First-time degree/certificate-seeking undergraduate students (EF2012C  Idaho),First-time degree/certificate-seeking undergraduate students (EF2012C  Illinois),First-time degree/certificate-seeking undergraduate students (EF2012C  Indiana),First-time degree/certificate-seeking undergraduate students (EF2012C  Iowa),First-time degree/certificate-seeking undergraduate students (EF2012C  Kansas),First-time degree/certificate-seeking undergraduate students (EF2012C  Kentucky),First-time degree/certificate-seeking undergraduate students (EF2012C  Louisiana),First-time degree/certificate-seeking undergraduate students (EF2012C  Maine),First-time degree/certificate-seeking undergraduate students (EF2012C  Maryland),First-time degree/certificate-seeking undergraduate students (EF2012C  Massachusetts),First-time degree/certificate-seeking undergraduate students (EF2012C  Michigan),First-time degree/certificate-seeking undergraduate students (EF2012C  Minnesota),First-time degree/certificate-seeking undergraduate students (EF2012C  Mississippi),First-time degree/certificate-seeking undergraduate students (EF2012C  Missouri),First-time degree/certificate-seeking undergraduate students (EF2012C  Montana),First-time degree/certificate-seeking undergraduate students (EF2012C  Nebraska),First-time degree/certificate-seeking undergraduate students (EF2012C  Nevada),First-time degree/certificate-seeking undergraduate students (EF2012C  New Hampshire),First-time degree/certificate-seeking undergraduate students (EF2012C  New Jersey),First-time degree/certificate-seeking undergraduate students (EF2012C  New Mexico),First-time degree/certificate-seeking undergraduate students (EF2012C  New York),First-time degree/certificate-seeking undergraduate students (EF2012C  North Carolina),First-time degree/certificate-seeking undergraduate students (EF2012C  North Dakota),First-time degree/certificate-seeking undergraduate students (EF2012C  Ohio),First-time degree/certificate-seeking undergraduate students (EF2012C  Oklahoma),First-time degree/certificate-seeking undergraduate students (EF2012C  Oregon),First-time degree/certificate-seeking undergraduate students (EF2012C  Pennsylvania),First-time degree/certificate-seeking undergraduate students (EF2012C  Rhode Island),First-time degree/certificate-seeking undergraduate students (EF2012C  South Carolina),First-time degree/certificate-seeking undergraduate students (EF2012C  South Dakota),First-time degree/certificate-seeking undergraduate students (EF2012C  Tennessee),First-time degree/certificate-seeking undergraduate students (EF2012C  Texas),First-time degree/certificate-seeking undergraduate students (EF2012C  Utah),First-time degree/certificate-seeking undergraduate students (EF2012C  Vermont),First-time degree/certificate-seeking undergraduate students (EF2012C  Virginia),First-time degree/certificate-seeking undergraduate students (EF2012C  Washington),First-time degree/certificate-seeking undergraduate students (EF2012C  West Virginia),First-time degree/certificate-seeking undergraduate students (EF2012C  Wisconsin),First-time degree/certificate-seeking undergraduate students (EF2012C  Wyoming),First-time degree/certificate-seeking undergraduate students (EF2012C  State unknown),First-time degree/certificate-seeking undergraduate students (EF2012C  American Samoa),First-time degree/certificate-seeking undergraduate students (EF2012C  Federated States of Micronesia),First-time degree/certificate-seeking undergraduate students (EF2012C  Guam),First-time degree/certificate-seeking undergraduate students (EF2012C  Marshall Islands),First-time degree/certificate-seeking undergraduate students (EF2012C  Northern Marianas),First-time degree/certificate-seeking undergraduate students (EF2012C  Palau),First-time degree/certificate-seeking undergraduate students (EF2012C  Puerto Rico),First-time degree/certificate-seeking undergraduate students (EF2012C  Virgin Islands)
104151,Arizona State University-Tempe,8230,7552,,676,2,6,13,4880,3,795,115,19,4,1,40,26,36,29,198,32,19,24,11,6,2,39,40,44,80,3,40,9,10,73,11,74,81,69,22,10,50,6,46,83,6,10,21,17,178,17,1,46,122,,70,7,8,,,,,,,,,7647,6858,,789,,1,14,4428,6,766,143,27,2,2,31,27,21,23,168,28,20,9,7,5,7,26,39,32,86,2,31,17,9,69,24,76,53,71,23,8,48,3,52,62,7,4,7,11,146,21,4,29,89,1,59,6,8,,,,,,,,,9265,8753,2,510,,,17,5893,1,1178,117,35,5,,35,23,20,21,166,21,17,14,4,3,4,34,48,42,59,3,23,11,17,80,12,89,43,77,19,5,51,6,53,72,3,4,6,13,124,25,3,28,145,1,69,7,7,,,1,,,,1,
100858,Auburn University,4529,4452,,77,,2687,1,7,4,39,15,17,3,,258,626,1,3,57,11,3,,22,17,1,44,12,6,7,12,14,1,,,3,32,,11,83,,23,2,,27,,56,,148,122,,,60,7,2,8,,,,,,,,,,,4592,4552,,40,,2757,,5,7,67,14,15,1,,271,635,4,2,49,7,2,3,21,15,1,33,15,6,2,13,6,,2,,5,29,1,23,62,1,21,4,1,24,4,43,1,145,145,1,1,70,8,3,3,2,2,,,,,,,,,3762,3726,,36,,2293,1,1,1,28,15,7,1,,193,508,,,31,6,5,3,18,13,,32,13,3,5,10,11,1,1,3,3,31,,10,48,,23,,2,25,2,22,,159,121,,2,63,5,3,4,,,,,,,,,,
219602,Austin Peay State University,1963,1963,,,,5,,3,,3,1,1,,,5,15,1,,9,3,,,34,,,2,,4,1,3,2,,,,,2,2,1,1,,10,,,,,,,1834,1,,,4,,,1,,15,,,,,,,,,1494,1489,,5,,2,,1,1,3,,,,1,5,7,1,11,5,,,27,,,,,,8,,1,4,,,,,1,,1,,,3,,1,,,,,1377,1,,,3,2,,1,,22,,,,,,,,,1522,1519,1,2,,5,,,,2,4,,,,4,3,,,1,1,1,2,31,,1,2,,,,2,3,,,1,,,,,2,,4,2,,,,,,1420,1,,,1,2,,,,24,1,,,,,,,
217882,Clemson University,3684,3666,1,17,,15,1,1,,29,18,39,8,1,65,160,2,,50,11,,3,16,6,2,81,57,12,8,2,9,,2,,13,119,,89,224,,42,6,1,72,10,2282,,38,46,2,2,104,3,4,4,,7,,,,,,,,1,3475,3458,,17,,10,1,1,1,24,9,48,4,1,56,143,,,46,4,2,2,11,1,4,99,69,11,7,1,7,,1,1,14,113,,58,249,,62,2,4,71,5,2104,,56,34,1,3,104,3,3,3,,5,,,,,,,,,3463,3421,,42,,6,,1,1,23,10,30,12,1,58,176,2,,40,7,1,1,7,6,3,99,70,6,6,3,6,,,1,15,122,1,30,246,,50,2,1,56,9,2114,,44,36,1,3,101,3,4,4,1,2,,,,,,,,
126818,Colorado State University-Fort Collins,4942,4927,2,13,,3,11,38,2,260,3784,13,2,1,17,15,14,12,92,16,6,21,2,5,4,22,29,9,42,1,25,3,19,21,7,23,39,23,9,5,14,13,16,23,2,3,10,5,124,15,5,19,54,1,15,13,,,,,,,,2,,4362,4342,1,18,1,1,15,37,3,213,3319,12,2,,25,5,25,7,91,11,4,22,1,3,2,12,21,21,39,1,25,9,12,17,10,12,41,16,7,7,15,8,19,23,2,5,9,2,97,16,4,17,45,1,23,8,,,,,,,,1,,4544,4525,1,17,1,1,16,39,2,197,3571,9,,1,12,11,31,9,92,6,5,18,1,2,4,14,12,7,38,1,17,4,15,26,10,14,41,10,8,4,18,6,16,16,2,3,11,5,107,11,1,18,41,,11,11,,,,,,,,1,
220075,East Tennessee State University,1886,1853,,33,,2,,,,1,,,,,15,10,,,2,3,,1,4,2,,,,1,,,,,,,,,,6,140,,11,,,3,,11,,1545,2,,1,91,,1,1,,,,,,,,,,,2055,2019,,36,,1,1,1,,1,,,1,,9,9,,,3,1,1,,3,1,2,2,,3,3,1,,1,,,2,2,,,114,,9,,,7,,7,,1741,3,,,85,1,3,1,,,,,,,,,,,2082,2054,,28,,3,,,,2,3,3,1,,7,7,,,7,1,,1,5,,,7,3,3,2,1,2,,,1,2,3,,,93,1,3,,,2,,5,,1777,1,,,102,,4,2,,,,,,,,,,
134097,Florida State University,6190,6059,,131,,15,1,1,4,10,14,13,3,1,5290,147,,2,23,7,3,3,7,9,3,39,26,9,6,3,11,1,3,1,4,78,1,79,35,,25,2,2,32,4,18,,21,20,1,2,51,7,1,6,1,14,,,,,,,,,5994,5865,1,128,,10,,,6,12,11,15,2,2,5152,125,,1,35,6,2,1,5,6,3,47,11,12,6,5,8,2,,2,2,69,,85,33,,19,2,1,32,4,12,,19,27,1,,45,4,,7,2,14,,,,,,,1,,5712,5581,,131,,9,3,1,,13,8,11,2,1,5097,102,,,20,5,3,3,2,4,2,33,12,4,4,3,7,1,,2,5,39,1,22,20,1,7,1,1,29,3,9,,7,31,,,28,4,2,9,,10,,,,,,,,
139755,Georgia Institute of Technology-Main Campus,2877,2614,9,254,,20,1,8,1,71,16,33,7,3,148,1540,1,,46,7,,6,6,8,3,53,42,7,8,3,8,,2,,8,87,2,69,62,,37,2,2,57,5,14,,46,57,3,2,62,17,4,6,,24,,,,,,,6,3,2809,2541,10,258,,20,,9,2,70,14,26,4,3,169,1491,2,1,51,8,2,1,9,9,3,46,45,6,6,5,12,,1,3,2,71,2,59,51,1,27,,8,49,1,31,1,35,61,,2,66,14,2,7,2,31,,,,,,,10,,3044,2602,18,424,,22,2,17,,57,21,25,7,8,168,1552,1,,31,2,1,4,14,5,2,49,37,9,8,5,14,,3,3,11,79,,44,53,,32,1,7,44,,24,,56,72,,1,59,12,,5,,35,,,1,,,,17,
151351,Indiana University-Bloomington,7673,7001,1,671,,1,,9,3,192,40,69,1,6,111,38,3,,901,4346,7,14,29,3,2,56,55,108,42,3,80,,3,7,4,203,,154,18,,161,5,,84,2,8,,31,78,2,2,39,16,,38,,27,,,,,,,1,,7718,7086,,632,,5,1,14,2,230,23,54,1,4,89,35,1,,1016,4407,3,25,38,1,5,53,46,82,51,1,,71,9,5,2,159,1,163,17,,188,2,3,65,1,7,1,27,64,3,2,40,6,1,43,2,17,,,,,,,,,7613,6899,1,713,,6,,5,,142,9,34,4,,67,1,1,1,917,4681,4,10,50,3,,61,31,58,47,2,77,,6,5,1,116,,147,11,,151,1,2,58,2,2,,22,62,2,1,37,3,1,29,1,28,,,,,,,1,
153603,Iowa State University,6325,5963,38,324,,2,,6,3,44,34,4,1,1,16,4,,1,1017,22,3380,33,,,1,10,6,21,816,,68,,83,4,1,9,1,7,5,5,17,4,2,14,1,1,23,3,61,1,3,11,4,,200,,13,,,,,,,38,,6041,5727,22,292,,2,,6,4,41,32,5,1,2,9,3,,2,853,11,3509,23,3,,3,7,5,14,705,,54,,111,2,1,11,1,13,3,2,12,4,1,9,,1,27,2,75,,,11,6,,128,,13,,,,,,,20,2,5366,5084,32,250,,,,3,,29,29,3,,2,7,2,5,1,682,10,3251,20,,,1,2,3,16,624,,45,2,85,2,3,1,,4,2,3,7,4,,8,,1,20,3,56,,1,7,11,1,122,1,5,,,,,,,32,
159391,Louisiana State University and Agricultural & Mechanical College,5475,5416,1,58,,36,,5,11,41,14,7,5,2,56,106,,1,27,2,1,,9,4429,1,21,15,1,3,47,13,,2,1,2,26,1,10,19,,13,1,1,12,2,14,,23,394,3,,26,2,,3,,8,1,,,,,,,,5655,5573,1,81,,30,2,3,9,41,12,7,,1,60,102,2,1,30,7,1,5,9,4553,,27,13,6,1,46,9,1,1,3,3,18,5,19,11,,12,3,2,9,3,7,,26,418,2,,33,4,1,7,2,6,,,,,,,1,,5725,5657,1,67,,32,1,5,8,37,14,5,2,,81,96,,1,27,1,,5,9,4501,,13,7,8,3,40,22,2,2,4,1,21,2,11,17,,7,5,5,16,3,2,,31,550,,1,42,,2,6,,9,,,,,,,1,
171100,Michigan State University,8190,7060,3,1127,,2,1,9,3,126,11,34,1,1,41,9,4,,365,37,1,4,7,,2,26,39,5753,14,,16,1,5,3,5,92,2,90,16,1,106,,4,52,3,2,1,4,77,,2,34,9,1,32,11,1,,,,,,,,3,8055,6813,4,1238,,3,4,5,2,95,8,21,,1,52,18,3,1,335,28,1,5,7,2,1,28,28,5758,15,,8,,2,3,2,53,2,64,8,,64,2,,54,3,4,1,4,49,2,2,22,8,,23,12,,,,,,,,4,,8354,7069,3,1282,,2,,6,1,56,12,18,2,5,34,12,2,1,303,26,5,3,3,,2,21,19,6135,18,2,8,,3,3,4,54,1,50,9,,82,,4,30,2,4,,8,50,1,3,23,7,2,22,8,3,,,1,,,,2,
220978,Middle Tennessee State University,2893,2810,1,82,,23,,,7,6,2,1,1,1,15,83,,,10,5,1,3,24,3,1,3,2,2,1,6,3,,,1,,1,,4,1,,6,1,,1,,5,,2567,3,,1,12,,3,1,,,,,,,,,1,,2932,2846,,86,,7,,,6,3,2,,,,4,36,1,,11,3,,1,11,4,,5,2,3,2,5,1,,,1,2,2,,2,1,,9,,,4,,5,,2690,5,,,11,1,4,2,,,,,,,,,,,3120,3091,,29,,3,,,8,9,,2,,,5,39,,,5,2,3,,19,2,2,5,,2,1,3,1,,1,,1,2,,4,4,,5,3,,2,,3,,2929,7,,,16,1,,1,1,,,,,,,,,
176080,Mississippi State University,3624,3592,1,31,,365,1,1,38,11,6,2,1,,98,196,,,37,6,,3,5,72,2,9,2,3,2,2133,42,,2,,2,4,2,8,26,,8,3,2,10,,20,,328,111,1,1,16,3,,10,,,,,1,,,,,,2974,2943,1,30,,266,1,,30,7,,3,1,,60,139,,,23,1,4,4,6,40,,10,3,6,1,1820,18,,2,1,4,7,,6,14,,11,1,1,4,1,16,1,304,88,,,31,3,,4,1,,,,,,,,1,,2894,2864,1,29,,239,,2,16,5,2,2,4,,28,133,1,1,15,4,1,,6,49,,9,2,3,4,1875,14,1,1,3,,9,,8,9,,6,2,,2,2,11,,300,61,1,,22,7,2,2,,,,,,,,,1,
199193,North Carolina State University at Raleigh,4388,4171,2,215,,5,,1,,20,2,11,3,14,24,25,,2,11,4,1,1,2,2,1,53,24,3,5,1,3,,1,,3,37,,35,3677,1,16,,,46,4,21,1,7,15,1,3,76,4,2,3,,,,,,,,,2,,4499,4376,,123,,4,2,1,17,3,14,7,3,37,19,1,11,4,1,5,3,1,5,62,25,4,9,,4,1,1,2,7,36,4,50,1,18,3767,,4,58,2,21,,13,25,,1,106,5,6,3,1,,1,1,,,,,,,,,4398,4289,,109,,4,,1,19,2,18,5,,28,19,,11,3,1,2,2,2,5,68,19,8,3,,1,,2,1,8,32,1,43,,15,3727,1,4,67,3,24,1,9,14,1,2,100,3,2,4,,,1,3,,,,,,,,
204796,Ohio State University-Main Campus,7938,7086,3,849,,,1,7,4,90,19,46,3,2,43,38,4,,291,31,4,7,33,6,5,67,45,100,18,2,41,1,3,6,11,154,2,276,30,1,5289,,3,207,2,9,,25,49,4,3,56,4,17,24,,3,,,,,,,3,,7079,6515,6,554,4,6,1,5,2,92,9,46,9,2,55,27,4,2,220,53,2,6,28,4,3,79,36,98,18,3,22,1,2,6,7,134,2,203,28,1,4921,6,4,180,4,11,1,22,42,2,1,58,10,12,24,,1,,,,,1,,5,,7215,6626,6,583,,2,,6,4,88,13,25,3,2,26,22,2,,192,42,6,7,13,1,4,62,36,71,16,1,14,,2,5,7,68,4,129,16,,5428,1,3,123,5,7,1,19,54,2,2,56,7,13,15,,1,,,1,,,,4,1
214777,Pennsylvania State University-Main Campus,8499,7641,13,845,,3,,6,2,138,12,143,26,7,76,14,2,2,47,7,,,4,2,5,305,132,15,12,,7,,1,3,17,1022,1,612,30,2,44,3,7,4524,8,8,1,6,54,2,2,199,10,5,7,,106,,,,,,,13,,8183,7297,14,872,,6,1,8,3,107,12,148,26,10,68,16,1,1,50,1,3,3,3,1,5,302,106,19,11,,3,1,1,4,16,884,,482,20,,44,2,3,4567,6,5,1,8,51,1,5,195,7,2,7,,71,,,,,,,14,,7649,6890,14,745,,2,2,9,3,101,15,131,24,8,71,18,6,3,53,2,1,1,3,1,7,259,102,23,5,,2,,1,5,19,817,1,458,24,,53,1,1,4393,12,2,,3,37,2,3,135,6,4,4,1,56,,,,,,,13,1
243780,Purdue University-Main Campus,7443,6492,10,941,,1,2,18,4,300,24,48,7,3,53,49,10,3,653,3991,11,14,41,5,2,53,59,134,57,2,42,3,1,13,11,122,3,90,17,1,168,6,16,78,3,9,3,29,106,2,,63,40,3,44,,75,,,2,,,,8,,6569,5439,5,1125,,4,,14,4,271,31,39,6,1,53,29,8,2,497,3458,7,8,22,3,2,22,60,92,33,,26,1,4,6,10,88,2,64,25,1,135,5,10,64,4,4,4,29,66,4,4,41,21,4,39,,112,,,,,,,5,,6474,5479,2,993,,5,2,16,4,175,28,21,2,1,48,21,7,6,636,3572,11,6,31,1,3,24,42,71,33,1,41,4,5,4,5,74,2,46,21,,127,3,5,60,5,7,1,14,81,3,2,33,14,7,46,,102,,,,,,,2,
186380,Rutgers University-New Brunswick,6466,5774,1,671,20,,,3,,42,3,19,5,,26,8,1,3,12,3,2,,,,3,28,25,6,5,1,4,,,1,2,5314,2,136,7,,4,,,68,2,2,,2,12,,2,17,2,,2,,,,,,,,,1,,6412,5780,3,629,,2,,6,,28,,14,6,1,19,7,,,6,4,,1,,1,,17,21,4,6,,,1,1,1,4,5353,2,140,9,,3,1,1,58,3,2,,1,7,1,2,15,1,1,1,,29,,,,,,,3,,6170,5848,3,319,,2,,2,,31,5,25,4,2,20,10,,,7,2,,,2,1,2,36,30,5,3,1,2,,,2,4,5356,,140,6,,5,,,86,1,4,,1,9,,,21,6,,3,,12,,,,,,,3,
196097,Stony Brook University,2934,2445,1,488,,1,,1,,23,4,39,1,,15,7,1,,5,1,,,1,,2,7,18,4,,,2,,,,9,83,,2176,7,,2,,,16,,3,,3,3,,1,6,3,,1,,,,,,,,,1,,2855,2391,1,463,,,,1,,19,2,42,2,,8,6,,,3,2,1,,,,,8,29,3,1,,2,,,1,8,71,,2124,5,,4,,1,22,3,,1,3,4,,1,3,4,,1,,6,,,1,,,,,,2676,2396,,280,,1,,,,23,5,49,3,1,14,4,1,,3,1,1,2,1,,2,11,36,1,1,,,,,,5,81,,2090,3,,4,,,24,3,1,,,6,,2,11,2,,2,,2,,,,,,,,
221838,Tennessee State University,1307,1265,1,22,19,63,,,7,10,,,,,8,113,,,98,35,1,1,14,2,,1,,63,6,9,32,,2,,,,,,,,45,2,,6,,2,,712,10,,,4,1,,18,,,,,,,,,1,,1377,1244,,87,46,33,,2,7,4,2,1,1,3,3,81,1,,78,19,,4,8,,,4,,38,2,4,21,,1,,1,2,,3,1,,31,,1,2,,1,,862,11,,,2,,,10,,,,,,,,,,,1058,1043,,3,12,16,,,7,7,3,,,5,5,56,1,,61,15,,,12,2,,7,,21,3,5,14,,,2,,,,3,2,,26,,,2,,5,,741,8,,,3,,1,10,,,,,,,,,,
221847,Tennessee Technological University,1608,1560,,48,,6,,,1,2,,1,,,5,11,1,,,3,,,6,,,1,,2,,,,,,,,1,,3,3,,2,,,2,,6,,1502,,,,1,,,1,,,,,,,,,,,1879,1840,,39,,7,,,,1,,,,,3,12,,,3,,1,,7,,,,,,,,,,,,1,,1,,1,,6,,,,,2,,1786,1,1,,5,,,2,,,,,,,,,,,2058,1902,,156,,3,,,1,3,,,,,1,8,,,,4,,,4,,,,,,,,2,,,,,,,,,,3,1,1,1,,1,,1859,3,,,5,,1,1,,,,,,,,,,
228723,Texas A & M University-College Station,10145,10023,,122,,7,1,8,8,70,22,8,1,1,23,35,9,2,26,3,4,7,3,35,,12,3,10,2,5,15,4,6,7,,19,8,12,5,1,13,19,4,18,1,3,,17,9515,,,25,16,1,7,2,,,,,,,,,,10835,10775,,60,,7,,14,12,56,26,7,2,1,27,24,4,2,23,7,6,10,3,40,1,5,5,3,8,4,6,,9,5,2,10,9,14,11,,9,20,4,9,1,5,,12,10282,4,,43,14,2,5,2,,,,,,,,,,8139,8089,,50,,,4,6,5,36,19,5,,1,11,12,,3,11,4,2,4,1,17,2,6,5,7,5,2,7,,4,3,3,9,8,7,3,2,6,10,2,9,,2,2,12,7812,,,5,10,,4,1,,,,,,,,,
100751,The University of Alabama,7559,7501,,58,,2412,,46,23,304,83,63,16,3,435,560,6,3,464,76,6,22,109,92,3,136,104,95,24,94,82,1,5,22,31,217,7,181,197,,141,13,8,173,13,69,3,400,428,6,4,213,27,3,59,3,16,,,,,,,,,6824,6730,1,93,,2462,2,27,28,267,66,67,21,3,386,509,9,2,290,57,3,24,92,69,1,131,85,98,13,78,100,1,3,3,22,142,2,127,171,,123,6,6,123,8,83,,320,425,5,1,189,26,7,31,1,15,,,1,,,,,,6371,6172,1,198,,2846,1,22,13,150,48,50,10,3,360,541,1,3,159,49,9,13,61,69,,86,45,55,7,60,55,,2,2,17,87,2,62,128,2,94,10,4,110,11,66,,302,371,2,1,147,10,6,12,,8,,,,,,,1,
221740,The University of Tennessee-Chattanooga,2077,2059,,18,,3,,,2,1,1,,,,4,34,,,2,3,,,1,,,,1,,3,2,1,,,,,2,,1,3,,2,1,,1,,,,1984,2,,1,4,,,,,,,,,,,,,,2160,2153,,7,,6,,,2,2,,,1,,2,36,,,2,1,,,,1,,1,,,1,1,1,,,,,1,,,,,1,,,2,,1,,2088,3,,,,,,,,,,,,,,,,,2290,2281,,9,,3,,,,4,,,,,4,30,,,1,4,,,1,2,,1,1,,,,1,,,,2,,,1,,,,,,,,,,2221,1,,,2,1,1,,,,,,,,,,,
221759,The University of Tennessee-Knoxville,4851,4778,,72,1,12,,4,3,22,5,8,8,,50,161,,1,55,20,1,,17,4,2,52,6,5,1,1,7,,1,4,1,23,,15,92,,36,1,1,24,,33,1,3980,21,,,84,3,4,6,1,2,,,,,,,,,4701,4625,2,72,2,11,,4,3,24,9,10,3,1,28,75,1,,37,7,3,3,12,6,1,39,9,11,3,2,6,,1,1,4,28,2,17,70,,35,,2,23,1,14,,4019,19,,,71,,5,5,,,,,,,,,2,,4207,4182,,24,1,5,,2,3,17,5,7,,,23,66,2,,21,7,,1,9,4,,25,4,10,3,1,,,1,2,,9,1,8,34,,27,,2,12,1,11,,3780,14,1,2,52,1,3,5,,1,,,,,,,,
221768,The University of Tennessee-Martin,946,929,,17,,6,,,2,4,,1,,,3,4,,,11,1,1,1,13,,1,,1,1,,5,6,,,1,,1,,3,1,,3,,,4,1,1,,849,1,,,2,,1,,,,,,,,,,,,1181,1160,,21,,1,,1,3,5,1,2,1,,3,,,,6,3,,,16,1,,,,2,,4,5,,,,,,,1,3,1,3,,,,,,,1095,2,1,,,,,,,,,,,,,,,,1320,1285,,35,,3,,,,,,,,,4,3,,,5,3,,,11,,,,2,,,,7,,,,,1,,,,,4,,,2,,,,1239,,,,,1,,,,,,,,,,,,
228778,The University of Texas at Austin,8719,8266,1,452,,1,,13,6,125,14,12,1,3,32,24,,1,61,1,2,6,2,17,,14,18,7,6,2,12,1,1,6,1,46,14,60,6,,4,6,4,9,5,3,,15,7651,1,,14,2,,1,1,35,,,1,,,,,,7285,7018,,267,,6,,8,6,112,23,15,2,2,32,13,3,,53,1,4,8,1,15,3,15,7,2,5,,7,,1,7,,32,4,36,11,,10,12,7,9,,2,,9,6480,2,,24,4,,2,1,22,,,,,,,,,8092,7784,,308,,6,1,6,4,106,18,11,1,1,23,24,2,2,58,3,2,4,1,20,1,13,15,10,3,1,11,,3,2,2,38,14,39,6,,8,7,11,7,1,2,1,19,7206,3,1,21,9,,7,,30,,,,,,,,
196088,University at Buffalo,4103,3542,,561,,2,,1,,5,1,3,,,8,3,,,2,1,,,,,3,8,6,3,3,,1,,,,3,21,,3432,3,,7,,,7,1,2,,1,2,1,,4,,,,,8,,,,,,,,,3517,3041,,476,,1,,,,8,,6,1,,1,4,1,,4,2,,1,,,,3,2,9,2,,1,,,1,1,21,,2930,2,,9,,,15,,,,,1,,1,6,2,,3,,3,,,,,,,,,3647,3143,,504,,,,1,,15,2,4,1,,4,3,,1,3,2,,1,1,,1,3,3,6,,,,,,,3,41,,2995,2,,13,,2,18,,,,,2,,1,3,3,,1,,8,,,,,,,,
104179,University of Arizona,7753,7276,5,463,9,5,12,4236,4,1246,98,39,2,21,46,39,19,17,236,24,36,17,6,9,4,44,51,26,59,1,29,7,8,53,14,102,36,97,15,1,36,6,35,71,5,10,1,11,118,10,5,39,160,,38,5,67,,,5,,,,,,7742,7472,2,268,,3,7,4502,,1360,140,42,2,3,31,13,10,20,176,22,11,16,2,6,9,34,50,18,35,,31,7,11,73,4,117,26,68,9,1,38,7,54,58,4,4,1,5,146,23,7,27,153,2,24,5,55,,,,,,,2,,7401,7029,7,365,,8,7,4465,1,1165,81,30,,7,28,17,9,16,133,24,24,14,5,5,4,34,45,27,31,,23,5,4,39,11,78,42,64,10,1,22,8,48,44,3,2,1,11,166,27,3,25,140,2,26,3,41,,,3,,,,3,1
106397,University of Arkansas,4972,4919,,53,,6,,3,2435,20,6,2,,,9,8,1,,35,2,4,203,2,33,,2,1,3,2,9,364,1,1,2,1,4,2,,5,1,2,202,1,1,,1,,77,1462,,,5,,,1,,,,,,,,,,,4571,4500,,71,,3,,1,2370,28,7,,,,10,5,,,35,5,3,194,3,23,,1,3,4,5,10,322,1,6,1,1,4,1,3,3,,3,207,,3,,,,74,1152,1,,3,,,5,,,,,,,,,,,4574,4532,,42,,4,,2,2434,21,8,1,2,,9,13,2,2,25,3,2,133,2,29,,3,2,3,1,10,360,,1,,1,,,5,3,,3,177,1,1,2,,,116,1138,,,10,,1,2,,,,,,,,,,
110635,University of California-Berkeley,6182,5547,2,633,,5,,26,4,4689,41,20,2,4,63,29,17,6,65,10,2,8,,6,,30,36,16,26,2,8,2,2,22,2,71,2,51,23,,15,2,21,18,,3,,7,78,8,2,37,57,1,8,,,,,2,,,,,,5466,4645,,821,,2,1,41,,3788,34,18,,9,47,21,14,4,46,4,4,8,3,5,1,44,26,12,17,3,9,1,3,18,2,77,3,56,14,2,19,2,25,28,,3,,11,83,15,,28,85,1,7,1,,,,,,,,,,4162,3544,2,616,,1,1,22,2,2971,31,15,2,2,34,19,6,5,23,6,3,3,2,1,,30,12,9,13,1,5,,2,13,,43,4,36,8,,13,2,25,22,,6,2,3,63,12,1,18,45,1,3,2,1,,,,,1,,1,
110644,University of California-Davis,5762,4848,1,913,,,,7,,4643,6,3,,1,8,3,6,5,10,4,1,2,,,,10,7,3,5,,2,1,1,10,,5,1,12,3,,6,,14,11,,1,,2,20,1,,6,23,1,2,,2,,,1,,,,,,5377,4717,8,652,,1,2,9,,4519,6,5,1,1,6,3,16,4,2,2,,,2,,1,5,8,8,3,1,,2,,8,,8,2,17,1,,2,1,10,4,,,,1,14,2,3,7,23,,2,,5,,,5,,3,,,,5208,4897,3,308,,1,2,4,,4813,6,1,,1,1,1,12,4,2,,,1,,,,,2,,3,,1,,,9,,4,,2,,1,1,,7,1,,1,,1,3,1,,1,7,,,,3,,,,,2,,,1
110653,University of California-Irvine,6551,5003,6,1542,,1,1,4,,4860,6,2,,1,3,3,14,2,8,2,1,,,1,,1,5,1,5,,2,,,13,1,11,,8,1,,1,4,6,1,,,,2,8,3,1,4,15,,1,,,1,,2,,2,,1,,5435,4541,2,892,,,,12,,4403,2,3,,,5,2,26,1,2,,1,,,,,2,3,2,1,,1,,,22,,4,1,6,1,,,1,2,3,,3,1,2,10,1,,4,12,,1,1,,,,1,,1,,,,5077,4468,3,606,,,2,11,,4356,3,2,,,7,2,18,1,8,,,1,1,1,,2,1,1,,1,,,,13,,5,2,1,,,1,,7,2,1,1,,,6,2,,1,8,,,,,,,1,,1,,1,
110662,University of California-Los Angeles,6545,5735,3,807,,4,3,37,,4906,32,21,,5,51,21,26,3,50,8,3,7,2,5,2,28,36,8,12,1,7,2,2,25,3,59,6,68,17,,8,3,17,29,4,4,,14,86,8,1,33,54,2,9,,3,,,1,,1,,,1,5764,4993,2,769,,1,,49,1,4185,23,23,2,6,60,24,17,2,50,10,4,7,3,3,2,38,45,6,16,1,11,,,31,1,60,8,62,9,1,13,3,14,26,3,4,1,9,57,11,,28,49,1,12,,1,,,2,,,,,,5620,4568,6,1046,,2,1,20,,4028,22,9,1,4,28,22,10,1,29,5,2,3,5,1,,20,19,5,7,,4,2,1,29,6,44,1,44,5,,8,2,12,21,,3,,12,55,5,,21,38,,6,1,4,,,6,,,,,
110671,University of California-Riverside,5358,5279,,79,,1,,2,1,5239,1,,,1,4,2,3,,1,,,,,,1,2,1,1,1,,,,,1,,1,2,2,,,,,1,2,,,,,3,1,,1,3,,,,1,,,,,,,,,4281,4185,1,95,,,,6,,4123,1,1,,,2,3,1,,3,1,,1,,,,1,2,,2,1,,,,5,,4,,4,1,,2,1,,4,,,,,7,,,5,2,,,,2,1,,,,,,,,4034,3936,,98,,,1,1,,3894,1,,,1,1,4,1,,5,1,,1,,,,1,1,,1,,,,,3,,1,1,,1,,1,,,4,,,,1,4,,,,3,,,,3,,,,,,,,
110680,University of California-San Diego,5748,4608,4,1136,,,1,13,,4225,14,6,2,4,14,13,13,1,13,5,1,3,,3,2,18,25,5,3,2,10,,2,13,4,37,7,29,7,,4,,8,14,1,2,,6,27,4,1,16,25,,3,,2,,,3,,1,,,,4922,3978,3,941,,1,,17,2,3720,15,3,1,2,6,6,13,2,16,,1,1,,1,1,4,8,1,7,1,2,,,15,2,21,3,13,2,,2,4,4,12,,2,,,23,3,,9,23,,7,1,1,,,3,,,,,,4575,3889,4,682,,1,4,25,4,3536,17,8,1,1,12,4,23,1,14,1,1,2,3,,1,6,12,6,6,1,7,1,1,27,1,15,6,21,3,,3,1,12,8,,4,,3,29,5,,13,32,,,,7,,,4,,,,,
110705,University of California-Santa Barbara,4996,4457,1,538,,1,1,5,,4248,15,5,1,4,13,3,7,3,13,1,,3,,,4,10,14,5,2,,3,1,2,3,3,12,2,24,5,,1,2,4,6,,,,3,9,4,,3,9,,1,,2,,,,,1,,,,4738,4408,2,328,,1,,9,1,4178,13,10,,5,7,3,8,1,13,3,,2,1,1,2,12,9,2,4,,2,2,1,10,1,14,2,19,3,,3,1,7,4,,2,,1,15,2,,7,23,,2,,2,,,1,,1,,,,4741,4505,2,234,,1,1,13,,4227,24,5,1,4,7,4,7,3,19,,,2,2,1,2,9,11,4,3,,2,,1,11,1,15,5,20,2,,2,3,7,7,,2,,2,27,3,1,16,25,1,1,,1,,,2,,,,,
126614,University of Colorado Boulder,6421,5946,2,473,,2,7,37,8,706,3390,51,4,13,113,38,18,17,271,17,6,18,7,15,8,38,91,41,57,3,32,4,11,16,14,97,13,98,38,4,33,17,33,83,10,17,2,28,204,12,10,65,93,1,26,4,5,,,,,,,2,,5865,5507,1,357,,3,2,22,5,707,3287,35,2,8,55,41,17,11,155,19,12,17,2,10,11,64,87,26,46,1,24,4,7,15,14,101,18,101,29,1,37,4,25,75,8,7,4,25,164,13,12,53,79,2,31,5,4,,,,,,,1,,5477,5290,,183,4,8,8,34,3,722,3148,39,4,13,42,38,19,14,154,13,6,21,4,7,8,50,91,17,38,3,26,8,7,25,12,65,20,81,19,1,43,9,31,61,10,5,5,26,168,7,14,40,79,,21,3,,,,,,,,,
129020,University of Connecticut,3822,3513,9,300,,,,,3,36,2,2516,,1,13,4,1,,17,2,,1,1,1,10,19,334,1,7,,2,1,,1,49,140,2,254,3,,5,,1,20,39,2,,2,5,,10,7,1,,,,,,,,,,,9,,3588,3409,14,165,,1,,1,,22,3,2268,2,3,15,6,,,11,2,,,,,21,12,393,1,3,,,,,2,65,167,,282,2,,5,1,,30,54,1,,3,6,,12,5,6,,2,,2,,,,,,,14,,3114,3010,4,100,,,,2,,22,,2225,,1,20,2,,,14,2,,1,1,,12,15,215,1,1,,1,,,,40,137,,180,4,,6,,,25,37,1,,1,15,,11,10,5,,3,,,,,,,,,4,
130943,University of Delaware,4381,4186,1,194,,,,2,,25,4,127,1653,5,24,4,,,11,4,1,,1,,1,224,92,4,,,,,,,10,963,,550,5,,7,1,,395,14,2,,1,5,,4,45,,,,1,1,,,,,,,,1,4521,4427,,94,,,1,1,,26,3,155,1631,3,8,11,1,1,12,3,,3,,1,3,231,141,2,,,1,,,1,16,895,1,647,9,,6,,,517,23,1,,2,6,,3,53,4,3,1,,1,,,,,,,,,4226,4141,,85,,1,,,,26,2,100,1704,16,16,8,1,2,7,,,1,2,,4,236,110,1,2,,1,,,1,7,738,1,598,4,,9,,,444,15,1,,,4,1,6,59,1,,2,,10,,,,,,,,
134130,University of Florida,6833,6485,,348,,9,1,4,3,21,9,10,9,1,5678,73,1,1,29,5,1,3,5,8,,43,15,13,6,3,8,,2,6,8,90,,126,29,,22,4,1,45,5,11,1,12,48,3,1,54,3,1,5,,49,,,,,,,,,6504,6215,18,271,,4,,2,1,21,5,7,3,2,5683,48,,,28,4,1,2,3,4,,42,16,10,3,2,5,,2,,3,44,1,103,17,,4,,1,33,2,12,,11,26,3,,39,4,2,1,,11,,,,,,,17,1,6290,5951,9,329,1,5,1,1,,10,5,3,4,1,5555,50,,,15,4,1,6,2,,2,29,7,2,3,4,4,,3,3,1,30,,64,14,1,10,,,23,1,6,,10,22,1,,30,2,1,2,,13,,,,,,,9,
139959,University of Georgia,5433,5370,,63,,15,,4,3,34,17,9,3,2,53,4763,,,18,6,,3,10,22,1,33,6,5,5,2,7,1,2,1,1,24,,23,66,,10,5,1,18,1,32,,51,54,1,3,49,2,2,2,,,,,,,,,,,5261,5177,,84,,12,4,2,4,13,7,11,2,5,53,4591,,1,11,3,1,1,7,18,1,42,8,7,1,2,4,,,1,1,26,1,27,75,,9,4,,22,2,27,1,47,62,,1,48,4,2,6,,,,,,,,,,,4935,4849,1,82,3,13,1,1,2,16,6,5,1,11,49,4321,,,13,3,1,4,10,21,1,35,7,4,2,5,3,,,1,3,15,,16,64,,8,3,,13,,33,,46,65,,,44,1,,2,,,,,,,,,1,
145637,University of Illinois at Urbana-Champaign,7592,6469,2,1042,79,4,,8,2,278,15,8,4,,23,30,3,,5639,11,12,11,11,2,,12,25,23,21,3,29,,2,2,5,78,4,33,6,,19,6,2,17,1,2,,15,39,,,33,19,,12,,,,,1,,,,1,,6937,5868,4,1065,,4,2,11,6,227,18,8,2,3,25,23,,3,4936,21,11,5,12,2,,16,23,23,23,1,34,,3,1,1,80,4,64,8,,34,,5,19,2,2,2,10,38,4,,38,22,,16,,76,,,,,,,4,,6921,6007,,914,,,1,8,3,158,18,4,3,1,30,11,1,1,5225,19,3,4,5,3,3,17,31,15,16,5,43,,3,2,4,69,1,43,9,,34,4,7,13,,2,,9,37,2,1,31,11,4,17,,76,,,,,,,,
153658,University of Iowa,5641,5207,4,425,5,,,2,1,49,21,5,,2,10,5,3,2,1690,21,2847,18,1,,,7,4,30,158,,42,1,22,1,4,12,4,13,5,2,13,1,3,7,3,3,14,1,33,1,,11,7,,127,,1,,,3,,,,1,,4666,4092,,571,3,1,1,5,1,49,22,3,,2,18,3,,3,1378,16,2197,12,,,,4,3,10,130,1,28,1,12,2,,13,3,9,3,2,10,1,3,8,1,1,4,2,27,2,2,8,5,1,85,,,,,,,,,,,4470,4070,2,398,,,,6,,36,9,3,,,9,6,3,1,1490,9,2122,6,,,,1,3,12,109,,27,,23,5,,3,1,13,1,1,16,2,,11,,1,9,4,26,2,1,4,2,1,92,,,,,,,,,2,
155317,University of Kansas,4233,4037,,196,,1,,14,19,90,123,7,1,2,16,10,4,5,286,5,21,2423,2,5,4,10,8,8,106,2,385,1,137,8,1,8,5,11,7,4,4,50,4,12,1,,8,7,138,1,,14,7,1,40,3,8,,,,,,,,,4084,3930,,147,7,2,2,13,19,99,113,5,1,1,16,7,,1,202,10,24,2549,3,2,,10,6,9,112,,313,,69,7,1,11,10,7,7,1,11,36,3,10,1,3,7,5,154,2,1,15,15,,29,3,3,,,,,,,,,3771,3650,1,120,,2,,13,7,67,82,5,1,1,11,8,1,2,207,3,21,2581,3,,,8,7,8,71,1,235,,49,6,2,9,10,6,5,,12,33,2,7,,,10,9,95,7,2,15,4,,18,1,3,,,,,1,,,
157085,University of Kentucky,5117,5038,1,73,5,16,,4,4,27,6,17,5,2,36,128,1,2,382,122,1,2,3124,2,2,47,13,76,9,6,61,2,1,1,7,26,1,32,42,,459,1,,86,5,12,,88,42,,6,61,3,42,24,2,,,,,,,,1,,5185,5040,1,139,5,11,1,10,3,27,4,9,7,2,44,120,1,,344,141,8,5,3145,3,,48,17,52,6,5,42,,1,3,3,26,,27,37,1,534,,,69,5,11,2,74,33,2,3,82,7,43,22,,,,,,,,,1,,4647,4529,,115,3,11,2,6,2,32,3,10,3,,24,80,1,2,221,106,4,7,3119,2,,31,12,46,4,3,11,,4,1,5,15,,26,27,,422,,3,63,4,13,,77,25,2,4,52,7,16,21,,,,,,,,,,
163286,University of Maryland-College Park,4577,4441,,136,,3,1,1,1,43,1,64,10,13,40,15,1,1,30,3,1,2,1,,1,3181,89,5,3,1,3,,,,6,409,1,228,12,,11,,2,153,6,2,,7,15,,2,52,2,,1,,18,,,,,,,,,4155,4044,3,108,,1,,3,,35,5,50,9,20,23,4,1,,21,,,1,,4,3,3002,66,4,5,,,,1,3,9,340,2,199,11,,11,,1,104,8,1,,4,15,,1,52,6,,2,,17,,,,,,,3,,3903,3825,4,73,1,2,,2,,19,3,50,16,17,25,25,1,,18,2,,2,2,1,2,2675,87,1,4,,1,,,,9,358,1,242,8,,16,1,,136,7,4,,8,9,,1,57,2,2,1,,8,,,,,,,3,1
166629,University of Massachusetts-Amherst,4679,4295,4,380,,,2,1,,55,9,114,4,4,25,7,2,,15,,,,2,6,12,18,3420,3,2,,,,1,5,67,128,3,257,3,,7,3,,25,33,,,3,14,,10,8,6,,2,,19,,,1,,,,3,,4694,4500,6,188,,1,,,,51,6,177,6,7,30,6,2,,10,2,1,4,,2,27,11,3377,5,7,1,1,,,4,68,203,,309,3,,1,1,5,47,32,,1,5,10,1,18,18,5,1,1,,33,,,1,,1,,4,,4679,4569,6,104,,,1,9,1,40,7,202,3,5,21,6,6,,8,,,1,4,,17,19,3402,6,2,,1,1,,3,71,254,2,338,,,4,,2,41,32,1,,1,7,1,28,12,5,2,1,1,1,,,,,,,6,
220862,University of Memphis,2743,2705,,38,,21,,1,73,7,1,2,,,9,7,1,,33,1,,3,1,6,1,1,,3,,164,21,,,4,1,1,1,4,2,,6,,3,3,,,,2297,20,,,3,1,,3,,,,,,,,,,,2319,2291,,28,,3,,,39,3,1,1,,,8,3,,,10,3,,1,4,4,,5,,8,,130,13,,1,1,,2,1,4,2,,1,2,1,2,1,1,,2024,8,,1,1,,,2,,,,,,,,,,,2181,2166,,15,,5,,3,12,2,1,3,,1,4,5,,,10,4,,1,,1,,4,,1,2,98,1,,1,,,1,1,1,,,3,1,,6,,2,,1977,10,,,1,1,,3,,,,,,,,,,
170976,University of Michigan-Ann Arbor,6689,6340,5,344,,5,2,17,6,419,43,89,6,20,130,59,3,2,457,34,6,11,10,6,7,129,117,3402,23,1,21,3,10,16,6,295,10,457,22,,152,7,14,92,8,8,2,26,52,2,6,60,29,7,30,1,,,,,,1,,4,,6505,6246,2,257,,1,2,12,1,419,31,109,4,20,84,44,3,2,362,26,4,9,5,1,4,117,113,3608,30,2,15,2,6,4,6,288,3,437,22,1,156,4,8,101,6,1,1,11,50,8,4,56,19,4,17,,3,,,,,,,2,,6171,5881,8,282,,1,5,6,,322,22,82,4,12,81,33,2,1,352,24,8,9,13,1,3,94,59,3592,28,,13,1,8,7,7,217,3,427,17,,148,7,3,89,2,4,4,17,56,6,7,48,15,4,17,,,2,,2,,,,4,
174066,University of Minnesota-Twin Cities,5880,5526,,354,,3,2,6,4,81,24,2,1,,8,2,1,1,375,12,33,15,,1,1,5,4,20,3783,,43,2,16,2,1,22,2,20,8,55,5,1,4,11,2,4,79,4,33,3,,14,10,,765,,36,,,,,,,,,5530,5190,2,338,,2,1,3,1,78,17,3,,1,10,6,2,2,339,3,57,9,2,2,2,11,8,16,3521,,34,,12,2,1,11,1,15,3,70,15,,3,8,1,2,75,1,28,2,2,7,7,,750,1,43,,,1,,,,1,,5514,5226,1,287,,1,3,5,1,44,17,4,,,17,7,3,3,344,7,41,11,2,,,5,7,13,3447,,39,1,18,1,2,15,4,18,5,62,12,5,1,7,1,3,79,1,17,1,,6,8,,893,,45,,,,,,,1,
176017,University of Mississippi,3962,3912,,50,,112,1,5,61,89,27,8,,1,145,249,1,1,133,17,4,13,45,112,1,40,15,19,8,1684,122,,1,3,2,25,,28,86,1,32,8,2,27,1,24,,260,402,1,,69,9,2,16,,,,,,,,,,,3809,3772,,37,,103,,5,60,84,21,19,,2,99,295,1,1,100,23,,20,22,92,1,35,15,18,7,1688,103,,3,4,,21,1,19,66,1,24,8,5,23,5,23,,297,353,1,3,83,8,1,9,,,,,,,,,,,3373,3344,,29,,113,1,5,44,65,20,15,,2,77,249,,2,81,9,5,7,28,81,1,37,8,8,3,1631,107,,,2,1,13,1,8,38,,31,4,3,9,6,25,1,227,292,,3,64,8,1,8,,,,,,,,,,
178396,University of Missouri-Columbia,4772,4651,,116,5,,,3,21,48,33,3,,2,23,20,1,,894,9,24,91,3,6,,7,10,8,61,1,3140,1,11,4,1,7,2,8,5,,13,4,3,9,,,2,15,120,2,,12,5,,19,,,,,,,,,,,6515,6331,,181,3,3,,9,22,75,57,6,2,2,27,27,1,,1437,17,46,98,6,1,1,8,6,15,103,3,3949,1,18,,,13,,12,11,,17,17,2,9,1,4,2,42,183,4,2,19,8,1,44,,,,,,,,,,,6501,6363,,136,2,3,3,16,13,51,51,3,,1,19,19,1,2,1370,13,38,134,5,3,,18,6,20,95,1,4096,,22,2,2,8,4,12,7,1,19,24,2,14,,3,1,23,176,2,,15,5,1,38,1,,,,,,,,,
181464,University of Nebraska-Lincoln,4860,4552,2,306,,,,16,5,63,113,1,1,,16,4,1,4,148,7,78,82,1,5,,6,4,17,137,,60,2,3405,3,,9,4,4,7,13,8,5,3,11,,2,105,1,67,2,,19,5,,37,7,64,,,1,,,,1,,4652,4458,2,192,,1,3,13,2,65,91,2,1,1,14,4,1,2,144,6,68,94,3,3,,2,,19,142,,52,,3367,2,,6,5,6,7,14,7,8,5,6,,2,109,5,50,2,,8,6,1,28,4,77,,,2,,,,,,3937,3823,,114,,,5,13,1,53,52,1,,,7,2,1,1,89,2,80,53,,1,1,1,1,12,98,,49,1,3026,2,3,8,1,7,1,7,10,3,3,4,,2,99,4,38,1,1,7,5,,16,3,48,,,,,,,,
199120,University of North Carolina at Chapel Hill,4228,4156,,70,2,8,1,,,31,24,16,5,7,71,56,1,,21,13,,1,7,3,2,43,11,6,4,1,5,,2,2,4,39,2,65,3521,,20,,3,32,1,26,,19,26,3,3,46,2,1,2,,,,,,,,,,,3976,3902,2,72,,4,,7,5,23,12,19,6,4,77,70,,,12,6,1,1,3,4,,50,13,10,6,,6,,1,,,44,,76,3227,,10,,4,42,2,19,1,16,33,1,,73,5,2,,,7,,,,,,,2,,3915,3866,1,48,,5,,3,1,25,4,17,2,4,74,54,2,1,11,5,2,2,4,2,,64,10,7,5,1,11,,1,1,2,34,,63,3266,,17,2,,18,1,14,,17,32,1,1,61,4,2,5,,8,,,,,,,1,
207500,University of Oklahoma-Norman Campus,4198,4090,,108,,3,1,14,32,66,50,4,,3,13,10,6,7,43,7,11,52,7,9,,14,5,8,10,8,41,1,5,7,,9,7,8,8,3,14,2439,2,9,,4,2,9,1098,1,,11,4,,19,2,4,,,,,,,,,4176,4175,,1,,3,,9,17,52,58,7,,7,19,11,,6,27,2,10,54,2,10,,7,6,10,15,6,58,2,7,7,5,7,7,5,11,2,12,2358,5,15,,7,1,11,1139,4,,13,4,4,12,2,139,,,,,,,,,4138,4135,1,2,,2,3,8,15,48,38,2,1,5,15,11,5,4,41,5,6,37,4,7,1,9,,9,11,2,27,3,8,10,,6,11,8,3,1,9,2463,3,13,,3,3,9,1094,8,,16,5,2,8,1,132,,,,,,,1,
209551,University of Oregon,4041,3735,,306,,1,7,28,1,1205,51,5,2,1,10,16,44,19,31,5,2,,,3,,17,12,6,18,,1,12,,34,5,12,7,6,5,3,5,2,1930,10,,2,2,8,58,15,,14,103,1,9,3,4,,,,,,,,,3961,3482,3,476,,1,15,25,1,1061,72,5,,2,13,3,48,18,35,4,6,5,,1,,9,4,4,11,,5,4,4,30,4,8,6,5,7,1,6,3,1854,8,,3,,,43,5,1,10,116,1,8,3,4,,,3,,,,,,4031,3581,1,449,,2,12,36,,1068,53,5,1,,7,4,67,25,26,3,2,7,1,2,2,6,10,5,11,,,12,3,31,2,4,4,5,3,,7,,1950,6,,,,,22,10,2,12,147,,2,4,,1,,,,,,,
215293,University of Pittsburgh-Pittsburgh Campus,3954,3795,3,156,,2,1,5,,33,3,32,20,15,27,11,1,,60,7,,5,6,2,1,127,72,22,2,,6,,,3,4,348,1,188,24,,123,2,2,2456,5,6,,7,20,1,4,99,5,10,8,3,16,,,,,,,2,1,3847,3743,,104,,4,,2,1,54,3,25,12,11,14,12,2,1,83,9,2,3,5,1,7,95,52,22,6,,6,1,2,3,10,290,,225,7,1,126,1,1,2511,5,7,1,7,11,,1,81,6,5,5,,4,,,,,,,,,3640,3554,,86,,2,,5,,42,4,32,15,5,23,6,2,4,47,5,2,3,3,2,3,117,41,16,1,3,6,1,4,5,11,223,4,197,14,1,110,,4,2453,3,3,,4,29,1,3,42,6,12,12,,23,,,,,,,,
218663,University of South Carolina-Columbia,5110,5026,,84,,8,1,2,,20,9,69,19,2,68,247,1,,81,16,1,4,34,4,5,249,135,8,7,1,11,,4,1,9,270,,145,487,,117,1,5,197,13,2391,,47,43,1,4,266,2,10,11,,,,,,,,,,,4980,4979,,1,,6,,3,2,43,23,73,18,2,52,234,,2,58,14,1,,33,4,2,270,90,14,6,,7,,1,2,10,217,,95,491,,102,5,1,147,10,2480,,49,43,,4,294,6,6,6,,53,,,,,,,,,4625,4586,1,38,,2,,1,,39,15,46,12,3,57,213,,,42,11,2,2,35,5,2,222,81,15,6,1,10,,4,1,13,167,,76,425,,108,,2,151,11,2490,,37,46,3,,214,7,3,4,,2,,,1,,,,,
230764,University of Utah,3601,3431,,119,51,3,3,21,2,243,58,8,,,23,13,11,123,39,3,3,1,1,5,5,13,14,9,12,,8,17,1,48,8,8,7,16,9,,7,5,34,12,2,2,2,2,54,2481,2,15,46,1,19,11,1,,,,,,,,,3151,3056,,95,,,7,19,1,194,40,7,1,,14,10,13,99,18,5,4,1,2,5,1,6,11,10,13,,2,8,2,53,7,9,5,9,4,2,6,3,27,22,3,2,1,5,70,2252,7,6,36,2,12,5,15,,,,,,,,,3494,3130,1,317,46,3,5,24,2,151,40,16,,,5,6,7,79,19,9,5,2,2,1,,11,9,18,10,,5,10,3,35,5,11,7,11,5,,15,3,16,20,,3,2,5,45,2434,3,16,32,1,14,5,,,,1,,,,,
234076,University of Virginia-Main Campus,3712,3528,,177,7,13,2,7,3,44,15,71,6,13,69,55,1,,17,6,1,1,13,5,2,84,67,9,4,3,7,1,2,,,109,1,132,49,,20,1,6,89,5,18,,24,70,1,3,2458,5,4,1,1,10,,,,,,,,,3724,3545,4,175,,4,1,8,4,50,15,41,6,9,82,67,1,2,30,5,,3,16,14,7,108,46,3,4,,6,1,4,3,1,112,4,119,48,,24,5,4,61,5,25,,26,67,2,1,2466,13,7,4,1,10,,,1,,2,,1,,3397,3208,,189,,9,,3,2,54,16,50,11,9,67,75,2,,24,3,,6,10,9,3,103,38,5,7,1,8,3,1,2,5,81,1,109,38,,25,2,5,62,5,15,1,34,67,2,1,2210,5,6,2,,11,,,,,,,,
236948,University of Washington-Seattle Campus,6475,5508,,955,12,2,7,24,2,566,42,4,1,,14,8,51,12,37,4,3,1,1,2,1,9,15,3,14,1,8,6,3,21,,15,8,10,1,1,8,4,93,9,1,4,,5,30,12,,11,4424,,8,2,,,,,,,,,,6272,5353,,918,1,,10,19,2,638,29,4,,2,5,5,42,23,18,4,4,6,1,,1,10,17,10,14,,8,6,1,32,2,9,1,12,5,1,4,5,69,8,1,1,1,2,40,5,3,9,4163,,10,7,84,,,,,,,,,6003,4984,,1019,,,10,13,1,465,36,2,,2,8,4,75,15,19,4,7,,1,2,,8,11,5,8,,6,10,2,17,3,8,6,3,2,1,6,,75,7,,2,,1,26,12,2,7,4015,,9,2,66,,,,,,,,
240444,University of Wisconsin-Madison,6430,5891,,539,,1,3,13,1,168,29,48,3,19,40,21,4,1,636,13,14,5,4,,4,56,47,28,644,,21,2,3,1,4,91,2,168,5,1,26,1,5,27,3,1,1,17,15,,2,18,15,,3656,,4,,,,,,,,,6264,5913,,351,,1,,9,2,127,16,35,1,11,37,15,4,2,599,16,25,7,1,1,4,47,42,28,756,,25,,2,3,1,63,4,127,6,2,20,1,5,44,3,5,3,6,16,2,6,17,14,1,3749,1,1,,,,,,,,,6279,5695,,584,,1,1,7,2,158,21,29,,10,26,9,4,1,595,5,23,4,3,1,1,48,30,28,778,1,28,1,8,4,1,74,4,142,7,3,20,2,9,32,2,1,,3,27,1,1,20,11,2,3504,1,1,,,,,,,,
221999,Vanderbilt University,1601,1469,,132,,29,,10,11,111,22,25,2,2,103,101,4,,126,23,4,16,32,20,,35,37,19,17,9,28,1,3,6,,88,2,103,30,,66,13,4,31,2,19,,133,99,4,,46,14,2,13,,4,,,,,,,,,1605,1489,,116,,45,,13,11,101,21,41,3,2,115,88,3,,135,14,8,9,41,9,2,32,50,21,12,12,31,,6,3,2,80,3,97,38,,59,11,6,49,,18,1,134,93,4,,23,13,3,23,1,3,,,,,,,,,1608,1508,1,99,,49,,6,17,89,17,27,1,2,104,91,,,122,24,9,11,31,16,2,39,49,25,7,11,47,,8,6,3,63,4,116,38,,52,10,9,44,3,25,,150,117,3,,43,2,1,10,,5,,,,,1,,,
233921,Virginia Polytechnic Institute and State University,5929,5640,1,288,,4,,1,2,27,5,31,19,6,36,23,1,,12,2,,2,2,2,3,214,50,9,3,,4,1,,,9,268,1,81,130,1,20,3,1,174,11,14,,16,31,,4,4347,6,15,3,,46,,,1,,,,,,5494,5170,1,323,,3,,6,1,26,10,31,20,6,25,41,4,,12,,,,4,3,8,267,39,5,3,,2,,2,1,16,255,,72,103,,36,,2,178,13,16,,30,12,,8,3839,6,17,4,,44,,,1,,,,,,5487,5198,,289,,2,1,6,,23,8,31,31,5,33,29,2,,6,3,,,5,2,10,287,38,2,1,,2,2,,,11,228,2,67,140,,32,1,3,188,5,15,,27,20,1,4,3864,3,18,2,,38,,,,,,,,
