"UnitID","Institution.Name.1","First_Time_Total_2016","US.total_2016","Outlying.areas.total_2016","Foreign.countries_2016","Residence.not.reported_2016","Alabama_2016","Alaska_2016","Arizona_2016","Arkansas_2016","California_2016","Colorado_2016","Connecticut_2016","Delaware_2016","District.of.Columbia_2016","Florida_2016","Georgia_2016","Hawaii_2016","Idaho_2016","Illinois_2016","Indiana_2016","Iowa_2016","Kansas_2016","Kentucky_2016","Louisiana_2016","Maine_2016","Maryland_2016","Massachusetts_2016","Michigan_2016","Minnesota_2016","Mississippi_2016","Missouri_2016","Montana_2016","Nebraska_2016","Nevada_2016","New.Hampshire_2016","New.Jersey_2016","New.Mexico_2016","New.York_2016","North.Carolina_2016","North.Dakota_2016","Ohio_2016","Oklahoma_2016","Oregon_2016","Pennsylvania_2016","Rhode.Island_2016","South.Carolina_2016","South.Dakota_2016","Tennessee_2016","Texas_2016","Utah_2016","Vermont_2016","Virginia_2016","Washington_2016","West.Virginia_2016","Wisconsin_2016","Wyoming_2016","State.unknown_2016","American.Samoa_2016","Federated.States.of.Micronesia_2016","Guam_2016","Marshall.Islands_2016","Northern.Marianas_2016","Palau_2016","Puerto.Rico_2016","Virgin.Islands_2016","First_Time_Total_2014","US.total_2014","Outlying.areas.total_2014","Foreign.countries_2014","Residence.not.reported_2014","Alabama_2014","Alaska_2014","Arizona_2014","Arkansas_2014","California_2014","Colorado_2014","Connecticut_2014","Delaware_2014","District.of.Columbia_2014","Florida_2014","Georgia_2014","Hawaii_2014","Idaho_2014","Illinois_2014","Indiana_2014","Iowa_2014","Kansas_2014","Kentucky_2014","Louisiana_2014","Maine_2014","Maryland_2014","Massachusetts_2014","Michigan_2014","Minnesota_2014","Mississippi_2014","Missouri_2014","Montana_2014","Nebraska_2014","Nevada_2014","New.Hampshire_2014","New.Jersey_2014","New.Mexico_2014","New.York_2014","North.Carolina_2014","North.Dakota_2014","Ohio_2014","Oklahoma_2014","Oregon_2014","Pennsylvania_2014","Rhode.Island_2014","South.Carolina_2014","South.Dakota_2014","Tennessee_2014","Texas_2014","Utah_2014","Vermont_2014","Virginia_2014","Washington_2014","West.Virginia_2014","Wisconsin_2014","Wyoming_2014","State.unknown_2014","American.Samoa_2014","Federated.States.of.Micronesia_2014","Guam_2014","Marshall.Islands_2014","Northern.Marianas_2014","Palau_2014","Puerto.Rico_2014","Virgin.Islands_2014","First_Time_Total_2012","US.total_2012","Outlying.areas.total_2012","Foreign.countries_2012","Residence.not.reported_2012","Alabama_2012","Alaska_2012","Arizona_2012","Arkansas_2012","California_2012","Colorado_2012","Connecticut_2012","Delaware_2012","District.of.Columbia_2012","Florida_2012","Georgia_2012","Hawaii_2012","Idaho_2012","Illinois_2012","Indiana_2012","Iowa_2012","Kansas_2012","Kentucky_2012","Louisiana_2012","Maine_2012","Maryland_2012","Massachusetts_2012","Michigan_2012","Minnesota_2012","Mississippi_2012","Missouri_2012","Montana_2012","Nebraska_2012","Nevada_2012","New.Hampshire_2012","New.Jersey_2012","New.Mexico_2012","New.York_2012","North.Carolina_2012","North.Dakota_2012","Ohio_2012","Oklahoma_2012","Oregon_2012","Pennsylvania_2012","Rhode.Island_2012","South.Carolina_2012","South.Dakota_2012","Tennessee_2012","Texas_2012","Utah_2012","Vermont_2012","Virginia_2012","Washington_2012","West.Virginia_2012","Wisconsin_2012","Wyoming_2012","State.unknown_2012","American.Samoa_2012","Federated.States.of.Micronesia_2012","Guam_2012","Marshall.Islands_2012","Northern.Marianas_2012","Palau_2012","Puerto.Rico_2012","Virgin.Islands_2012","Institution.Name","Name.Abv","State","PEER","ASP","IN.STATE","SEC","PublicPrivate","City","total_2016","instate_2016","foreign_2016","oostate_2016","percent_instate_2016","percent_foreign_2016","percent_oostate_2016","total_2014","instate_2014","foreign_2014","oostate_2014","percent_instate_2014","percent_foreign_2014","percent_oostate_2014","total_2012","instate_2012","foreign_2012","oostate_2012","percent_instate_2012","percent_foreign_2012","percent_oostate_2012"
104151,"Arizona State University-Tempe",8230,7552,NA,676,2,6,13,4880,3,795,115,19,4,1,40,26,36,29,198,32,19,24,11,6,2,39,40,44,80,3,40,9,10,73,11,74,81,69,22,10,50,6,46,83,6,10,21,17,178,17,1,46,122,NA,70,7,8,NA,NA,NA,NA,NA,NA,NA,NA,7647,6858,NA,789,NA,1,14,4428,6,766,143,27,2,2,31,27,21,23,168,28,20,9,7,5,7,26,39,32,86,2,31,17,9,69,24,76,53,71,23,8,48,3,52,62,7,4,7,11,146,21,4,29,89,1,59,6,8,NA,NA,NA,NA,NA,NA,NA,NA,9265,8753,2,510,NA,NA,17,5893,1,1178,117,35,5,NA,35,23,20,21,166,21,17,14,4,3,4,34,48,42,59,3,23,11,17,80,12,89,43,77,19,5,51,6,53,72,3,4,6,13,124,25,3,28,145,1,69,7,7,NA,NA,1,NA,NA,NA,1,NA,"Arizona State University-Tempe","","Arizona","","","","","Public","Tempe",8230,4880,676,2674,59.2952612393682,8.2138517618469,32.4908869987849,7647,4428,789,2430,57.9050608081601,10.3177716751667,31.7771675166732,9265,5893,510,2862,63.6049649217485,5.5045871559633,30.8904479222882
100858,"Auburn University",4529,4452,NA,77,NA,2687,1,7,4,39,15,17,3,NA,258,626,1,3,57,11,3,NA,22,17,1,44,12,6,7,12,14,1,NA,NA,3,32,NA,11,83,NA,23,2,NA,27,NA,56,NA,148,122,NA,NA,60,7,2,8,NA,NA,NA,NA,NA,NA,NA,NA,NA,NA,4592,4552,NA,40,NA,2757,NA,5,7,67,14,15,1,NA,271,635,4,2,49,7,2,3,21,15,1,33,15,6,2,13,6,NA,2,NA,5,29,1,23,62,1,21,4,1,24,4,43,1,145,145,1,1,70,8,3,3,2,2,NA,NA,NA,NA,NA,NA,NA,NA,3762,3726,NA,36,NA,2293,1,1,1,28,15,7,1,NA,193,508,NA,NA,31,6,5,3,18,13,NA,32,13,3,5,10,11,1,1,3,3,31,NA,10,48,NA,23,NA,2,25,2,22,NA,159,121,NA,2,63,5,3,4,NA,NA,NA,NA,NA,NA,NA,NA,NA,NA,"Auburn University","Auburn","Alabama","Peer","","","SEC","Public","Auburn",4529,2687,77,1765,59.3287701479355,1.70015455950541,38.9710752925591,4592,2757,40,1795,60.0391986062718,0.871080139372822,39.0897212543554,3762,2293,36,1433,60.9516214779373,0.956937799043062,38.0914407230197
219602,"Austin Peay State University",1963,1963,NA,NA,NA,5,NA,3,NA,3,1,1,NA,NA,5,15,1,NA,9,3,NA,NA,34,NA,NA,2,NA,4,1,3,2,NA,NA,NA,NA,2,2,1,1,NA,10,NA,NA,NA,NA,NA,NA,1834,1,NA,NA,4,NA,NA,1,NA,15,NA,NA,NA,NA,NA,NA,NA,NA,1494,1489,NA,5,NA,2,NA,1,1,3,NA,NA,NA,1,5,7,1,11,5,NA,NA,27,NA,NA,NA,NA,NA,8,NA,1,4,NA,NA,NA,NA,1,NA,1,NA,NA,3,NA,1,NA,NA,NA,NA,1377,1,NA,NA,3,2,NA,1,NA,22,NA,NA,NA,NA,NA,NA,NA,NA,1522,1519,1,2,NA,5,NA,NA,NA,2,4,NA,NA,NA,4,3,NA,NA,1,1,1,2,31,NA,1,2,NA,NA,NA,2,3,NA,NA,1,NA,NA,NA,NA,2,NA,4,2,NA,NA,NA,NA,NA,1420,1,NA,NA,1,2,NA,NA,NA,24,1,NA,NA,NA,NA,NA,NA,NA,"Austin Peay State University","Austin Peay State U.","Tennessee","","","In-State","","Public","Clarksville",1963,1834,NA,NA,93.428425878757,NA,NA,1494,1377,5,112,92.1686746987952,0.334672021419009,7.49665327978581,1522,1420,2,100,93.2982917214192,0.131406044678055,6.57030223390276
217882,"Clemson University",3684,3666,1,17,NA,15,1,1,NA,29,18,39,8,1,65,160,2,NA,50,11,NA,3,16,6,2,81,57,12,8,2,9,NA,2,NA,13,119,NA,89,224,NA,42,6,1,72,10,2282,NA,38,46,2,2,104,3,4,4,NA,7,NA,NA,NA,NA,NA,NA,NA,1,3475,3458,NA,17,NA,10,1,1,1,24,9,48,4,1,56,143,NA,NA,46,4,2,2,11,1,4,99,69,11,7,1,7,NA,1,1,14,113,NA,58,249,NA,62,2,4,71,5,2104,NA,56,34,1,3,104,3,3,3,NA,5,NA,NA,NA,NA,NA,NA,NA,NA,3463,3421,NA,42,NA,6,NA,1,1,23,10,30,12,1,58,176,2,NA,40,7,1,1,7,6,3,99,70,6,6,3,6,NA,NA,1,15,122,1,30,246,NA,50,2,1,56,9,2114,NA,44,36,1,3,101,3,4,4,1,2,NA,NA,NA,NA,NA,NA,NA,NA,"Clemson University","Clemson ","South Carolina","Peer","","","","Public","Clemson",3684,2282,17,1385,61.9435396308361,0.461454940282302,37.5950054288816,3475,2104,17,1354,60.5467625899281,0.489208633093525,38.9640287769784,3463,2114,42,1307,61.0453364135143,1.21282125324863,37.7418423332371
126818,"Colorado State University-Fort Collins",4942,4927,2,13,NA,3,11,38,2,260,3784,13,2,1,17,15,14,12,92,16,6,21,2,5,4,22,29,9,42,1,25,3,19,21,7,23,39,23,9,5,14,13,16,23,2,3,10,5,124,15,5,19,54,1,15,13,NA,NA,NA,NA,NA,NA,NA,2,NA,4362,4342,1,18,1,1,15,37,3,213,3319,12,2,NA,25,5,25,7,91,11,4,22,1,3,2,12,21,21,39,1,25,9,12,17,10,12,41,16,7,7,15,8,19,23,2,5,9,2,97,16,4,17,45,1,23,8,NA,NA,NA,NA,NA,NA,NA,1,NA,4544,4525,1,17,1,1,16,39,2,197,3571,9,NA,1,12,11,31,9,92,6,5,18,1,2,4,14,12,7,38,1,17,4,15,26,10,14,41,10,8,4,18,6,16,16,2,3,11,5,107,11,1,18,41,NA,11,11,NA,NA,NA,NA,NA,NA,NA,1,NA,"Colorado State University-Fort Collins","","Colorado","","","","","Public","Fort Collins",4942,3784,13,1145,76.5681910157831,0.263051396195872,23.168757588021,4362,3319,18,1025,76.0889500229253,0.412654745529574,23.4983952315452,4544,3571,17,956,78.5871478873239,0.374119718309859,21.0387323943662
220075,"East Tennessee State University",1886,1853,NA,33,NA,2,NA,NA,NA,1,NA,NA,NA,NA,15,10,NA,NA,2,3,NA,1,4,2,NA,NA,NA,1,NA,NA,NA,NA,NA,NA,NA,NA,NA,6,140,NA,11,NA,NA,3,NA,11,NA,1545,2,NA,1,91,NA,1,1,NA,NA,NA,NA,NA,NA,NA,NA,NA,NA,2055,2019,NA,36,NA,1,1,1,NA,1,NA,NA,1,NA,9,9,NA,NA,3,1,1,NA,3,1,2,2,NA,3,3,1,NA,1,NA,NA,2,2,NA,NA,114,NA,9,NA,NA,7,NA,7,NA,1741,3,NA,NA,85,1,3,1,NA,NA,NA,NA,NA,NA,NA,NA,NA,NA,2082,2054,NA,28,NA,3,NA,NA,NA,2,3,3,1,NA,7,7,NA,NA,7,1,NA,1,5,NA,NA,7,3,3,2,1,2,NA,NA,1,2,3,NA,NA,93,1,3,NA,NA,2,NA,5,NA,1777,1,NA,NA,102,NA,4,2,NA,NA,NA,NA,NA,NA,NA,NA,NA,NA,"East Tennessee State University","East Tennessee State U.","Tennessee","","","In-State","","Public","Johnson City",1886,1545,33,308,81.9194061505832,1.74973488865323,16.3308589607635,2055,1741,36,278,84.720194647202,1.75182481751825,13.5279805352798,2082,1777,28,277,85.3506243996158,1.34486071085495,13.3045148895293
134097,"Florida State University",6190,6059,NA,131,NA,15,1,1,4,10,14,13,3,1,5290,147,NA,2,23,7,3,3,7,9,3,39,26,9,6,3,11,1,3,1,4,78,1,79,35,NA,25,2,2,32,4,18,NA,21,20,1,2,51,7,1,6,1,14,NA,NA,NA,NA,NA,NA,NA,NA,5994,5865,1,128,NA,10,NA,NA,6,12,11,15,2,2,5152,125,NA,1,35,6,2,1,5,6,3,47,11,12,6,5,8,2,NA,2,2,69,NA,85,33,NA,19,2,1,32,4,12,NA,19,27,1,NA,45,4,NA,7,2,14,NA,NA,NA,NA,NA,NA,1,NA,5712,5581,NA,131,NA,9,3,1,NA,13,8,11,2,1,5097,102,NA,NA,20,5,3,3,2,4,2,33,12,4,4,3,7,1,NA,2,5,39,1,22,20,1,7,1,1,29,3,9,NA,7,31,NA,NA,28,4,2,9,NA,10,NA,NA,NA,NA,NA,NA,NA,NA,"Florida State University","","Florida","","","","","Public","Tallahassee",6190,5290,131,769,85.4604200323102,2.11631663974152,12.4232633279483,5994,5152,128,714,85.9526192859526,2.13546880213547,11.9119119119119,5712,5097,131,484,89.2331932773109,2.29341736694678,8.4733893557423
139755,"Georgia Institute of Technology-Main Campus",2877,2614,9,254,NA,20,1,8,1,71,16,33,7,3,148,1540,1,NA,46,7,NA,6,6,8,3,53,42,7,8,3,8,NA,2,NA,8,87,2,69,62,NA,37,2,2,57,5,14,NA,46,57,3,2,62,17,4,6,NA,24,NA,NA,NA,NA,NA,NA,6,3,2809,2541,10,258,NA,20,NA,9,2,70,14,26,4,3,169,1491,2,1,51,8,2,1,9,9,3,46,45,6,6,5,12,NA,1,3,2,71,2,59,51,1,27,NA,8,49,1,31,1,35,61,NA,2,66,14,2,7,2,31,NA,NA,NA,NA,NA,NA,10,NA,3044,2602,18,424,NA,22,2,17,NA,57,21,25,7,8,168,1552,1,NA,31,2,1,4,14,5,2,49,37,9,8,5,14,NA,3,3,11,79,NA,44,53,NA,32,1,7,44,NA,24,NA,56,72,NA,1,59,12,NA,5,NA,35,NA,NA,1,NA,NA,NA,17,NA,"Georgia Institute of Technology-Main Campus","","Georgia","","","","","Public","Atlanta",2877,1540,254,1083,53.5279805352798,8.82864094542927,37.6433785192909,2809,1491,258,1060,53.0793876824493,9.18476326094695,37.7358490566038,3044,1552,424,1068,50.9855453350854,13.9290407358738,35.0854139290407
151351,"Indiana University-Bloomington",7673,7001,1,671,NA,1,NA,9,3,192,40,69,1,6,111,38,3,NA,901,4346,7,14,29,3,2,56,55,108,42,3,80,NA,3,7,4,203,NA,154,18,NA,161,5,NA,84,2,8,NA,31,78,2,2,39,16,NA,38,NA,27,NA,NA,NA,NA,NA,NA,1,NA,7718,7086,NA,632,NA,5,1,14,2,230,23,54,1,4,89,35,1,NA,1016,4407,3,25,38,1,5,53,46,82,51,1,NA,71,9,5,2,159,1,163,17,NA,188,2,3,65,1,7,1,27,64,3,2,40,6,1,43,2,17,NA,NA,NA,NA,NA,NA,NA,NA,7613,6899,1,713,NA,6,NA,5,NA,142,9,34,4,NA,67,1,1,1,917,4681,4,10,50,3,NA,61,31,58,47,2,77,NA,6,5,1,116,NA,147,11,NA,151,1,2,58,2,2,NA,22,62,2,1,37,3,1,29,1,28,NA,NA,NA,NA,NA,NA,1,NA,"Indiana University-Bloomington","","Indiana","","","","","Public","Bloomington",7673,4346,671,2656,56.640166818715,8.74494982405839,34.6148833572266,7718,4407,632,2679,57.1002850479399,8.18864990930293,34.7110650427572,7613,4681,713,2219,61.4869302508866,9.36555891238671,29.1475108367267
153603,"Iowa State University",6325,5963,38,324,NA,2,NA,6,3,44,34,4,1,1,16,4,NA,1,1017,22,3380,33,NA,NA,1,10,6,21,816,NA,68,NA,83,4,1,9,1,7,5,5,17,4,2,14,1,1,23,3,61,1,3,11,4,NA,200,NA,13,NA,NA,NA,NA,NA,NA,38,NA,6041,5727,22,292,NA,2,NA,6,4,41,32,5,1,2,9,3,NA,2,853,11,3509,23,3,NA,3,7,5,14,705,NA,54,NA,111,2,1,11,1,13,3,2,12,4,1,9,NA,1,27,2,75,NA,NA,11,6,NA,128,NA,13,NA,NA,NA,NA,NA,NA,20,2,5366,5084,32,250,NA,NA,NA,3,NA,29,29,3,NA,2,7,2,5,1,682,10,3251,20,NA,NA,1,2,3,16,624,NA,45,2,85,2,3,1,NA,4,2,3,7,4,NA,8,NA,1,20,3,56,NA,1,7,11,1,122,1,5,NA,NA,NA,NA,NA,NA,32,NA,"Iowa State University","Iowa St","Iowa","Peer","","","","Public","Ames",6325,3380,324,2621,53.4387351778656,5.12252964426877,41.4387351778656,6041,3509,292,2240,58.0864095348452,4.83363681509684,37.0799536500579,5366,3251,250,1865,60.5851658591129,4.65896384644055,34.7558702944465
159391,"Louisiana State University and Agricultural & Mechanical College",5475,5416,1,58,NA,36,NA,5,11,41,14,7,5,2,56,106,NA,1,27,2,1,NA,9,4429,1,21,15,1,3,47,13,NA,2,1,2,26,1,10,19,NA,13,1,1,12,2,14,NA,23,394,3,NA,26,2,NA,3,NA,8,1,NA,NA,NA,NA,NA,NA,NA,5655,5573,1,81,NA,30,2,3,9,41,12,7,NA,1,60,102,2,1,30,7,1,5,9,4553,NA,27,13,6,1,46,9,1,1,3,3,18,5,19,11,NA,12,3,2,9,3,7,NA,26,418,2,NA,33,4,1,7,2,6,NA,NA,NA,NA,NA,NA,1,NA,5725,5657,1,67,NA,32,1,5,8,37,14,5,2,NA,81,96,NA,1,27,1,NA,5,9,4501,NA,13,7,8,3,40,22,2,2,4,1,21,2,11,17,NA,7,5,5,16,3,2,NA,31,550,NA,1,42,NA,2,6,NA,9,NA,NA,NA,NA,NA,NA,1,NA,"Louisiana State University and Agricultural & Mechanical College","LSU","Louisiana","Peer","","","SEC","Public","Baton Rouge",5475,4429,58,988,80.8949771689498,1.05936073059361,18.0456621004566,5655,4553,81,1021,80.5128205128205,1.43236074270557,18.0548187444739,5725,4501,67,1157,78.6200873362445,1.1703056768559,20.2096069868996
171100,"Michigan State University",8190,7060,3,1127,NA,2,1,9,3,126,11,34,1,1,41,9,4,NA,365,37,1,4,7,NA,2,26,39,5753,14,NA,16,1,5,3,5,92,2,90,16,1,106,NA,4,52,3,2,1,4,77,NA,2,34,9,1,32,11,1,NA,NA,NA,NA,NA,NA,NA,3,8055,6813,4,1238,NA,3,4,5,2,95,8,21,NA,1,52,18,3,1,335,28,1,5,7,2,1,28,28,5758,15,NA,8,NA,2,3,2,53,2,64,8,NA,64,2,NA,54,3,4,1,4,49,2,2,22,8,NA,23,12,NA,NA,NA,NA,NA,NA,NA,4,NA,8354,7069,3,1282,NA,2,NA,6,1,56,12,18,2,5,34,12,2,1,303,26,5,3,3,NA,2,21,19,6135,18,2,8,NA,3,3,4,54,1,50,9,NA,82,NA,4,30,2,4,NA,8,50,1,3,23,7,2,22,8,3,NA,NA,1,NA,NA,NA,2,NA,"Michigan State University","","Michigan","","ASP","","","Public","East Lansing",8190,5753,1127,1310,70.2442002442002,13.7606837606838,15.995115995116,8055,5758,1238,1059,71.4835505896958,15.3693358162632,13.147113594041,8354,6135,1282,937,73.4378740723007,15.3459420636821,11.2161838640172
220978,"Middle Tennessee State University",2893,2810,1,82,NA,23,NA,NA,7,6,2,1,1,1,15,83,NA,NA,10,5,1,3,24,3,1,3,2,2,1,6,3,NA,NA,1,NA,1,NA,4,1,NA,6,1,NA,1,NA,5,NA,2567,3,NA,1,12,NA,3,1,NA,NA,NA,NA,NA,NA,NA,NA,1,NA,2932,2846,NA,86,NA,7,NA,NA,6,3,2,NA,NA,NA,4,36,1,NA,11,3,NA,1,11,4,NA,5,2,3,2,5,1,NA,NA,1,2,2,NA,2,1,NA,9,NA,NA,4,NA,5,NA,2690,5,NA,NA,11,1,4,2,NA,NA,NA,NA,NA,NA,NA,NA,NA,NA,3120,3091,NA,29,NA,3,NA,NA,8,9,NA,2,NA,NA,5,39,NA,NA,5,2,3,NA,19,2,2,5,NA,2,1,3,1,NA,1,NA,1,2,NA,4,4,NA,5,3,NA,2,NA,3,NA,2929,7,NA,NA,16,1,NA,1,1,NA,NA,NA,NA,NA,NA,NA,NA,NA,"Middle Tennessee State University","Middle Tennessee State U.","Tennessee","","","In-State","","Public","Murfreesboro",2893,2567,82,244,88.7314206705842,2.83442792948496,8.43415139993087,2932,2690,86,156,91.7462482946794,2.9331514324693,5.3206002728513,3120,2929,29,162,93.8782051282051,0.92948717948718,5.19230769230769
176080,"Mississippi State University",3624,3592,1,31,NA,365,1,1,38,11,6,2,1,NA,98,196,NA,NA,37,6,NA,3,5,72,2,9,2,3,2,2133,42,NA,2,NA,2,4,2,8,26,NA,8,3,2,10,NA,20,NA,328,111,1,1,16,3,NA,10,NA,NA,NA,NA,1,NA,NA,NA,NA,NA,2974,2943,1,30,NA,266,1,NA,30,7,NA,3,1,NA,60,139,NA,NA,23,1,4,4,6,40,NA,10,3,6,1,1820,18,NA,2,1,4,7,NA,6,14,NA,11,1,1,4,1,16,1,304,88,NA,NA,31,3,NA,4,1,NA,NA,NA,NA,NA,NA,NA,1,NA,2894,2864,1,29,NA,239,NA,2,16,5,2,2,4,NA,28,133,1,1,15,4,1,NA,6,49,NA,9,2,3,4,1875,14,1,1,3,NA,9,NA,8,9,NA,6,2,NA,2,2,11,NA,300,61,1,NA,22,7,2,2,NA,NA,NA,NA,NA,NA,NA,NA,1,NA,"Mississippi State University","Miss State","Mississippi","","","","SEC","Public","Mississippi",3624,2133,31,1460,58.8576158940397,0.855408388520971,40.2869757174393,2974,1820,30,1124,61.1970410221923,1.00874243443174,37.7942165433759,2894,1875,29,990,64.7892190739461,1.00207325501037,34.2087076710435
199193,"North Carolina State University at Raleigh",4388,4171,2,215,NA,5,NA,1,NA,20,2,11,3,14,24,25,NA,2,11,4,1,1,2,2,1,53,24,3,5,1,3,NA,1,NA,3,37,NA,35,3677,1,16,NA,NA,46,4,21,1,7,15,1,3,76,4,2,3,NA,NA,NA,NA,NA,NA,NA,NA,2,NA,4499,4376,NA,123,NA,4,2,1,17,3,14,7,3,37,19,1,11,4,1,5,3,1,5,62,25,4,9,NA,4,1,1,2,7,36,4,50,1,18,3767,NA,4,58,2,21,NA,13,25,NA,1,106,5,6,3,1,NA,1,1,NA,NA,NA,NA,NA,NA,NA,NA,4398,4289,NA,109,NA,4,NA,1,19,2,18,5,NA,28,19,NA,11,3,1,2,2,2,5,68,19,8,3,NA,1,NA,2,1,8,32,1,43,NA,15,3727,1,4,67,3,24,1,9,14,1,2,100,3,2,4,NA,NA,1,3,NA,NA,NA,NA,NA,NA,NA,NA,"North Carolina State University at Raleigh","NC State","North Carolina","Peer","","","","Public","Raleigh",4388,3677,215,496,83.7967183226983,4.89972652689152,11.3035551504102,4499,3767,123,609,83.7297177150478,2.73394087575017,13.536341409202,4398,3727,109,562,84.7430650295589,2.47839927239654,12.7785356980446
204796,"Ohio State University-Main Campus",7938,7086,3,849,NA,NA,1,7,4,90,19,46,3,2,43,38,4,NA,291,31,4,7,33,6,5,67,45,100,18,2,41,1,3,6,11,154,2,276,30,1,5289,NA,3,207,2,9,NA,25,49,4,3,56,4,17,24,NA,3,NA,NA,NA,NA,NA,NA,3,NA,7079,6515,6,554,4,6,1,5,2,92,9,46,9,2,55,27,4,2,220,53,2,6,28,4,3,79,36,98,18,3,22,1,2,6,7,134,2,203,28,1,4921,6,4,180,4,11,1,22,42,2,1,58,10,12,24,NA,1,NA,NA,NA,NA,1,NA,5,NA,7215,6626,6,583,NA,2,NA,6,4,88,13,25,3,2,26,22,2,NA,192,42,6,7,13,1,4,62,36,71,16,1,14,NA,2,5,7,68,4,129,16,NA,5428,1,3,123,5,7,1,19,54,2,2,56,7,13,15,NA,1,NA,NA,1,NA,NA,NA,4,1,"Ohio State University-Main Campus","","Ohio","","","","","Public","Columbus",7938,5289,849,1800,66.6288737717309,10.6953892668178,22.6757369614512,7079,4921,554,1604,69.5154682864811,7.82596411922588,22.658567594293,7215,5428,583,1204,75.2321552321552,8.08038808038808,16.6874566874567
214777,"Pennsylvania State University-Main Campus",8499,7641,13,845,NA,3,NA,6,2,138,12,143,26,7,76,14,2,2,47,7,NA,NA,4,2,5,305,132,15,12,NA,7,NA,1,3,17,1022,1,612,30,2,44,3,7,4524,8,8,1,6,54,2,2,199,10,5,7,NA,106,NA,NA,NA,NA,NA,NA,13,NA,8183,7297,14,872,NA,6,1,8,3,107,12,148,26,10,68,16,1,1,50,1,3,3,3,1,5,302,106,19,11,NA,3,1,1,4,16,884,NA,482,20,NA,44,2,3,4567,6,5,1,8,51,1,5,195,7,2,7,NA,71,NA,NA,NA,NA,NA,NA,14,NA,7649,6890,14,745,NA,2,2,9,3,101,15,131,24,8,71,18,6,3,53,2,1,1,3,1,7,259,102,23,5,NA,2,NA,1,5,19,817,1,458,24,NA,53,1,1,4393,12,2,NA,3,37,2,3,135,6,4,4,1,56,NA,NA,NA,NA,NA,NA,13,1,"Pennsylvania State University-Main Campus","","Pennsylvania","","","","","Public","University Park",8499,4524,845,3130,53.2297917402047,9.94234615837157,36.8278621014237,8183,4567,872,2744,55.8108273249419,10.6562385433215,33.5329341317365,7649,4393,745,2511,57.4323440972676,9.73983527258465,32.8278206301477
243780,"Purdue University-Main Campus",7443,6492,10,941,NA,1,2,18,4,300,24,48,7,3,53,49,10,3,653,3991,11,14,41,5,2,53,59,134,57,2,42,3,1,13,11,122,3,90,17,1,168,6,16,78,3,9,3,29,106,2,NA,63,40,3,44,NA,75,NA,NA,2,NA,NA,NA,8,NA,6569,5439,5,1125,NA,4,NA,14,4,271,31,39,6,1,53,29,8,2,497,3458,7,8,22,3,2,22,60,92,33,NA,26,1,4,6,10,88,2,64,25,1,135,5,10,64,4,4,4,29,66,4,4,41,21,4,39,NA,112,NA,NA,NA,NA,NA,NA,5,NA,6474,5479,2,993,NA,5,2,16,4,175,28,21,2,1,48,21,7,6,636,3572,11,6,31,1,3,24,42,71,33,1,41,4,5,4,5,74,2,46,21,NA,127,3,5,60,5,7,1,14,81,3,2,33,14,7,46,NA,102,NA,NA,NA,NA,NA,NA,2,NA,"Purdue University-Main Campus","","Indiana","","ASP","","","Public","West Lafayette",7443,3991,941,2511,53.620851807067,12.6427515786645,33.7363966142684,6569,3458,1125,1986,52.6411934845486,17.1258943522606,30.2329121631907,6474,3572,993,1909,55.1745443311708,15.3382761816497,29.4871794871795
186380,"Rutgers University-New Brunswick",6466,5774,1,671,20,NA,NA,3,NA,42,3,19,5,NA,26,8,1,3,12,3,2,NA,NA,NA,3,28,25,6,5,1,4,NA,NA,1,2,5314,2,136,7,NA,4,NA,NA,68,2,2,NA,2,12,NA,2,17,2,NA,2,NA,NA,NA,NA,NA,NA,NA,NA,1,NA,6412,5780,3,629,NA,2,NA,6,NA,28,NA,14,6,1,19,7,NA,NA,6,4,NA,1,NA,1,NA,17,21,4,6,NA,NA,1,1,1,4,5353,2,140,9,NA,3,1,1,58,3,2,NA,1,7,1,2,15,1,1,1,NA,29,NA,NA,NA,NA,NA,NA,3,NA,6170,5848,3,319,NA,2,NA,2,NA,31,5,25,4,2,20,10,NA,NA,7,2,NA,NA,2,1,2,36,30,5,3,1,2,NA,NA,2,4,5356,NA,140,6,NA,5,NA,NA,86,1,4,NA,1,9,NA,NA,21,6,NA,3,NA,12,NA,NA,NA,NA,NA,NA,3,NA,"Rutgers University-New Brunswick","","New Jersey","","","","","Public","Piscataway",6466,5314,671,481,82.1837302814723,10.377358490566,7.43891122796165,6412,5353,629,430,83.4840923268871,9.80973175296319,6.70617592014972,6170,5356,319,495,86.807131280389,5.17017828200972,8.0226904376013
196097,"Stony Brook University",2934,2445,1,488,NA,1,NA,1,NA,23,4,39,1,NA,15,7,1,NA,5,1,NA,NA,1,NA,2,7,18,4,NA,NA,2,NA,NA,NA,9,83,NA,2176,7,NA,2,NA,NA,16,NA,3,NA,3,3,NA,1,6,3,NA,1,NA,NA,NA,NA,NA,NA,NA,NA,1,NA,2855,2391,1,463,NA,NA,NA,1,NA,19,2,42,2,NA,8,6,NA,NA,3,2,1,NA,NA,NA,NA,8,29,3,1,NA,2,NA,NA,1,8,71,NA,2124,5,NA,4,NA,1,22,3,NA,1,3,4,NA,1,3,4,NA,1,NA,6,NA,NA,1,NA,NA,NA,NA,NA,2676,2396,NA,280,NA,1,NA,NA,NA,23,5,49,3,1,14,4,1,NA,3,1,1,2,1,NA,2,11,36,1,1,NA,NA,NA,NA,NA,5,81,NA,2090,3,NA,4,NA,NA,24,3,1,NA,NA,6,NA,2,11,2,NA,2,NA,2,NA,NA,NA,NA,NA,NA,NA,NA,"Stony Brook University","","New York","","","","","Public","Stony Brook",2934,2176,488,270,74.1649625085208,16.6325835037491,9.20245398773006,2855,2124,463,268,74.3957968476357,16.2171628721541,9.38704028021016,2676,2090,280,306,78.101644245142,10.4633781763827,11.4349775784753
221838,"Tennessee State University",1307,1265,1,22,19,63,NA,NA,7,10,NA,NA,NA,NA,8,113,NA,NA,98,35,1,1,14,2,NA,1,NA,63,6,9,32,NA,2,NA,NA,NA,NA,NA,NA,NA,45,2,NA,6,NA,2,NA,712,10,NA,NA,4,1,NA,18,NA,NA,NA,NA,NA,NA,NA,NA,1,NA,1377,1244,NA,87,46,33,NA,2,7,4,2,1,1,3,3,81,1,NA,78,19,NA,4,8,NA,NA,4,NA,38,2,4,21,NA,1,NA,1,2,NA,3,1,NA,31,NA,1,2,NA,1,NA,862,11,NA,NA,2,NA,NA,10,NA,NA,NA,NA,NA,NA,NA,NA,NA,NA,1058,1043,NA,3,12,16,NA,NA,7,7,3,NA,NA,5,5,56,1,NA,61,15,NA,NA,12,2,NA,7,NA,21,3,5,14,NA,NA,2,NA,NA,NA,3,2,NA,26,NA,NA,2,NA,5,NA,741,8,NA,NA,3,NA,1,10,NA,NA,NA,NA,NA,NA,NA,NA,NA,NA,"Tennessee State University","Tennessee State U.","Tennessee","","","In-State","","Public","Nashville",1307,712,22,573,54.4758990053558,1.68324407039021,43.840856924254,1377,862,87,428,62.5998547567175,6.31808278867102,31.0820624546115,1058,741,3,314,70.0378071833648,0.283553875236295,29.6786389413989
221847,"Tennessee Technological University",1608,1560,NA,48,NA,6,NA,NA,1,2,NA,1,NA,NA,5,11,1,NA,NA,3,NA,NA,6,NA,NA,1,NA,2,NA,NA,NA,NA,NA,NA,NA,1,NA,3,3,NA,2,NA,NA,2,NA,6,NA,1502,NA,NA,NA,1,NA,NA,1,NA,NA,NA,NA,NA,NA,NA,NA,NA,NA,1879,1840,NA,39,NA,7,NA,NA,NA,1,NA,NA,NA,NA,3,12,NA,NA,3,NA,1,NA,7,NA,NA,NA,NA,NA,NA,NA,NA,NA,NA,NA,1,NA,1,NA,1,NA,6,NA,NA,NA,NA,2,NA,1786,1,1,NA,5,NA,NA,2,NA,NA,NA,NA,NA,NA,NA,NA,NA,NA,2058,1902,NA,156,NA,3,NA,NA,1,3,NA,NA,NA,NA,1,8,NA,NA,NA,4,NA,NA,4,NA,NA,NA,NA,NA,NA,NA,2,NA,NA,NA,NA,NA,NA,NA,NA,NA,3,1,1,1,NA,1,NA,1859,3,NA,NA,5,NA,1,1,NA,NA,NA,NA,NA,NA,NA,NA,NA,NA,"Tennessee Technological University","Tennessee Technological U.","Tennessee","","","In-State","","Public","Cookeville",1608,1502,48,58,93.407960199005,2.98507462686567,3.60696517412935,1879,1786,39,54,95.0505588078765,2.07557211282597,2.8738690792975,2058,1859,156,43,90.3304178814383,7.5801749271137,2.08940719144801
228723,"Texas A & M University-College Station",10145,10023,NA,122,NA,7,1,8,8,70,22,8,1,1,23,35,9,2,26,3,4,7,3,35,NA,12,3,10,2,5,15,4,6,7,NA,19,8,12,5,1,13,19,4,18,1,3,NA,17,9515,NA,NA,25,16,1,7,2,NA,NA,NA,NA,NA,NA,NA,NA,NA,10835,10775,NA,60,NA,7,NA,14,12,56,26,7,2,1,27,24,4,2,23,7,6,10,3,40,1,5,5,3,8,4,6,NA,9,5,2,10,9,14,11,NA,9,20,4,9,1,5,NA,12,10282,4,NA,43,14,2,5,2,NA,NA,NA,NA,NA,NA,NA,NA,NA,8139,8089,NA,50,NA,NA,4,6,5,36,19,5,NA,1,11,12,NA,3,11,4,2,4,1,17,2,6,5,7,5,2,7,NA,4,3,3,9,8,7,3,2,6,10,2,9,NA,2,2,12,7812,NA,NA,5,10,NA,4,1,NA,NA,NA,NA,NA,NA,NA,NA,NA,"Texas A & M University-College Station","Texas A & M ","Texas","","","","SEC","Public","College Station",10145,9515,122,508,93.790044356826,1.20256283883687,5.00739280433711,10835,10282,60,493,94.8961698200277,0.55376095985233,4.55006922011998,8139,7812,50,277,95.9823074087726,0.614326084285539,3.40336650694189
100751,"The University of Alabama",7559,7501,NA,58,NA,2412,NA,46,23,304,83,63,16,3,435,560,6,3,464,76,6,22,109,92,3,136,104,95,24,94,82,1,5,22,31,217,7,181,197,NA,141,13,8,173,13,69,3,400,428,6,4,213,27,3,59,3,16,NA,NA,NA,NA,NA,NA,NA,NA,6824,6730,1,93,NA,2462,2,27,28,267,66,67,21,3,386,509,9,2,290,57,3,24,92,69,1,131,85,98,13,78,100,1,3,3,22,142,2,127,171,NA,123,6,6,123,8,83,NA,320,425,5,1,189,26,7,31,1,15,NA,NA,1,NA,NA,NA,NA,NA,6371,6172,1,198,NA,2846,1,22,13,150,48,50,10,3,360,541,1,3,159,49,9,13,61,69,NA,86,45,55,7,60,55,NA,2,2,17,87,2,62,128,2,94,10,4,110,11,66,NA,302,371,2,1,147,10,6,12,NA,8,NA,NA,NA,NA,NA,NA,1,NA,"University of Alabama","Alabama","Alabama","Peer","","","SEC","Public","Tuscaloosa",7559,2412,58,5089,31.9089826696653,0.767297261542532,67.3237200687922,6824,2462,93,4269,36.0785463071512,1.36283704572098,62.5586166471278,6371,2846,198,3327,44.6711662219432,3.10783236540574,52.2210014126511
221740,"The University of Tennessee-Chattanooga",2077,2059,NA,18,NA,3,NA,NA,2,1,1,NA,NA,NA,4,34,NA,NA,2,3,NA,NA,1,NA,NA,NA,1,NA,3,2,1,NA,NA,NA,NA,2,NA,1,3,NA,2,1,NA,1,NA,NA,NA,1984,2,NA,1,4,NA,NA,NA,NA,NA,NA,NA,NA,NA,NA,NA,NA,NA,2160,2153,NA,7,NA,6,NA,NA,2,2,NA,NA,1,NA,2,36,NA,NA,2,1,NA,NA,NA,1,NA,1,NA,NA,1,1,1,NA,NA,NA,NA,1,NA,NA,NA,NA,1,NA,NA,2,NA,1,NA,2088,3,NA,NA,NA,NA,NA,NA,NA,NA,NA,NA,NA,NA,NA,NA,NA,NA,2290,2281,NA,9,NA,3,NA,NA,NA,4,NA,NA,NA,NA,4,30,NA,NA,1,4,NA,NA,1,2,NA,1,1,NA,NA,NA,1,NA,NA,NA,2,NA,NA,1,NA,NA,NA,NA,NA,NA,NA,NA,NA,2221,1,NA,NA,2,1,1,NA,NA,NA,NA,NA,NA,NA,NA,NA,NA,NA,"University of Tennessee-Chattanooga","UT-Chattanooga","Tennessee","","","In-State","","Public","Chattanooga",2077,1984,18,75,95.5223880597015,0.866634569090034,3.61097737120847,2160,2088,7,65,96.6666666666667,0.324074074074074,3.00925925925926,2290,2221,9,60,96.9868995633188,0.393013100436681,2.62008733624454
221759,"The University of Tennessee-Knoxville",4851,4778,NA,72,1,12,NA,4,3,22,5,8,8,NA,50,161,NA,1,55,20,1,NA,17,4,2,52,6,5,1,1,7,NA,1,4,1,23,NA,15,92,NA,36,1,1,24,NA,33,1,3980,21,NA,NA,84,3,4,6,1,2,NA,NA,NA,NA,NA,NA,NA,NA,4701,4625,2,72,2,11,NA,4,3,24,9,10,3,1,28,75,1,NA,37,7,3,3,12,6,1,39,9,11,3,2,6,NA,1,1,4,28,2,17,70,NA,35,NA,2,23,1,14,NA,4019,19,NA,NA,71,NA,5,5,NA,NA,NA,NA,NA,NA,NA,NA,2,NA,4207,4182,NA,24,1,5,NA,2,3,17,5,7,NA,NA,23,66,2,NA,21,7,NA,1,9,4,NA,25,4,10,3,1,NA,NA,1,2,NA,9,1,8,34,NA,27,NA,2,12,1,11,NA,3780,14,1,2,52,1,3,5,NA,1,NA,NA,NA,NA,NA,NA,NA,NA,"University of Tennessee-Knoxville","UT-Knoxville","Tennessee","Peer","ASP","In-State","SEC","Public","Knoxville",4851,3980,72,799,82.0449391877963,1.48423005565863,16.470830756545,4701,4019,72,610,85.4924484152308,1.531589023612,12.9759625611572,4207,3780,24,403,89.8502495840266,0.570477775136677,9.5792726408367
221768,"The University of Tennessee-Martin",946,929,NA,17,NA,6,NA,NA,2,4,NA,1,NA,NA,3,4,NA,NA,11,1,1,1,13,NA,1,NA,1,1,NA,5,6,NA,NA,1,NA,1,NA,3,1,NA,3,NA,NA,4,1,1,NA,849,1,NA,NA,2,NA,1,NA,NA,NA,NA,NA,NA,NA,NA,NA,NA,NA,1181,1160,NA,21,NA,1,NA,1,3,5,1,2,1,NA,3,NA,NA,NA,6,3,NA,NA,16,1,NA,NA,NA,2,NA,4,5,NA,NA,NA,NA,NA,NA,1,3,1,3,NA,NA,NA,NA,NA,NA,1095,2,1,NA,NA,NA,NA,NA,NA,NA,NA,NA,NA,NA,NA,NA,NA,NA,1320,1285,NA,35,NA,3,NA,NA,NA,NA,NA,NA,NA,NA,4,3,NA,NA,5,3,NA,NA,11,NA,NA,NA,2,NA,NA,NA,7,NA,NA,NA,NA,1,NA,NA,NA,NA,4,NA,NA,2,NA,NA,NA,1239,NA,NA,NA,NA,1,NA,NA,NA,NA,NA,NA,NA,NA,NA,NA,NA,NA,"University of Tennessee-Martin","UT-Martin","Tennessee","","","In-State","","Public","Martin",946,849,17,80,89.7463002114165,1.79704016913319,8.45665961945032,1181,1095,21,65,92.7180355630821,1.77815410668925,5.50381033022862,1320,1239,35,46,93.8636363636364,2.65151515151515,3.48484848484849
228778,"The University of Texas at Austin",8719,8266,1,452,NA,1,NA,13,6,125,14,12,1,3,32,24,NA,1,61,1,2,6,2,17,NA,14,18,7,6,2,12,1,1,6,1,46,14,60,6,NA,4,6,4,9,5,3,NA,15,7651,1,NA,14,2,NA,1,1,35,NA,NA,1,NA,NA,NA,NA,NA,7285,7018,NA,267,NA,6,NA,8,6,112,23,15,2,2,32,13,3,NA,53,1,4,8,1,15,3,15,7,2,5,NA,7,NA,1,7,NA,32,4,36,11,NA,10,12,7,9,NA,2,NA,9,6480,2,NA,24,4,NA,2,1,22,NA,NA,NA,NA,NA,NA,NA,NA,8092,7784,NA,308,NA,6,1,6,4,106,18,11,1,1,23,24,2,2,58,3,2,4,1,20,1,13,15,10,3,1,11,NA,3,2,2,38,14,39,6,NA,8,7,11,7,1,2,1,19,7206,3,1,21,9,NA,7,NA,30,NA,NA,NA,NA,NA,NA,NA,NA,"University of Texas at Austin","","Texas","","","","","Public","Austin",8719,7651,452,616,87.7508888634018,5.1840807432045,7.06503039339374,7285,6480,267,538,88.9498970487303,3.66506520247083,7.3850377487989,8092,7206,308,578,89.0509144834404,3.80622837370242,7.14285714285714
196088,"University at Buffalo",4103,3542,NA,561,NA,2,NA,1,NA,5,1,3,NA,NA,8,3,NA,NA,2,1,NA,NA,NA,NA,3,8,6,3,3,NA,1,NA,NA,NA,3,21,NA,3432,3,NA,7,NA,NA,7,1,2,NA,1,2,1,NA,4,NA,NA,NA,NA,8,NA,NA,NA,NA,NA,NA,NA,NA,3517,3041,NA,476,NA,1,NA,NA,NA,8,NA,6,1,NA,1,4,1,NA,4,2,NA,1,NA,NA,NA,3,2,9,2,NA,1,NA,NA,1,1,21,NA,2930,2,NA,9,NA,NA,15,NA,NA,NA,NA,1,NA,1,6,2,NA,3,NA,3,NA,NA,NA,NA,NA,NA,NA,NA,3647,3143,NA,504,NA,NA,NA,1,NA,15,2,4,1,NA,4,3,NA,1,3,2,NA,1,1,NA,1,3,3,6,NA,NA,NA,NA,NA,NA,3,41,NA,2995,2,NA,13,NA,2,18,NA,NA,NA,NA,2,NA,1,3,3,NA,1,NA,8,NA,NA,NA,NA,NA,NA,NA,NA,"University at Buffalo","","New York","","","","","Public","Buffalo",4103,3432,561,110,83.6461126005362,13.6729222520107,2.68096514745308,3517,2930,476,111,83.309638896787,13.5342621552459,3.15609894796702,3647,2995,504,148,82.122292295037,13.8195777351248,4.05812996983822
104179,"University of Arizona",7753,7276,5,463,9,5,12,4236,4,1246,98,39,2,21,46,39,19,17,236,24,36,17,6,9,4,44,51,26,59,1,29,7,8,53,14,102,36,97,15,1,36,6,35,71,5,10,1,11,118,10,5,39,160,NA,38,5,67,NA,NA,5,NA,NA,NA,NA,NA,7742,7472,2,268,NA,3,7,4502,NA,1360,140,42,2,3,31,13,10,20,176,22,11,16,2,6,9,34,50,18,35,NA,31,7,11,73,4,117,26,68,9,1,38,7,54,58,4,4,1,5,146,23,7,27,153,2,24,5,55,NA,NA,NA,NA,NA,NA,2,NA,7401,7029,7,365,NA,8,7,4465,1,1165,81,30,NA,7,28,17,9,16,133,24,24,14,5,5,4,34,45,27,31,NA,23,5,4,39,11,78,42,64,10,1,22,8,48,44,3,2,1,11,166,27,3,25,140,2,26,3,41,NA,NA,3,NA,NA,NA,3,1,"University of Arizona","","Arizona","","","","","Public","Tucson",7753,4236,463,3054,54.6369147426803,5.97188185218625,39.3912034051335,7742,4502,268,2972,58.1503487470938,3.46163781968484,38.3880134332214,7401,4465,365,2571,60.3296851776787,4.9317659775706,34.7385488447507
106397,"University of Arkansas",4972,4919,NA,53,NA,6,NA,3,2435,20,6,2,NA,NA,9,8,1,NA,35,2,4,203,2,33,NA,2,1,3,2,9,364,1,1,2,1,4,2,NA,5,1,2,202,1,1,NA,1,NA,77,1462,NA,NA,5,NA,NA,1,NA,NA,NA,NA,NA,NA,NA,NA,NA,NA,4571,4500,NA,71,NA,3,NA,1,2370,28,7,NA,NA,NA,10,5,NA,NA,35,5,3,194,3,23,NA,1,3,4,5,10,322,1,6,1,1,4,1,3,3,NA,3,207,NA,3,NA,NA,NA,74,1152,1,NA,3,NA,NA,5,NA,NA,NA,NA,NA,NA,NA,NA,NA,NA,4574,4532,NA,42,NA,4,NA,2,2434,21,8,1,2,NA,9,13,2,2,25,3,2,133,2,29,NA,3,2,3,1,10,360,NA,1,NA,1,NA,NA,5,3,NA,3,177,1,1,2,NA,NA,116,1138,NA,NA,10,NA,1,2,NA,NA,NA,NA,NA,NA,NA,NA,NA,NA,"University of Arkansas","Arkansas","Arkansas","","","","SEC","Public","Fayetteville",4972,2435,53,2484,48.9742558326629,1.06596942880129,49.9597747385358,4571,2370,71,2130,51.8486108072632,1.55327061912054,46.5981185736163,4574,2434,42,2098,53.2138172278094,0.918233493659816,45.8679492785308
110635,"University of California-Berkeley",6182,5547,2,633,NA,5,NA,26,4,4689,41,20,2,4,63,29,17,6,65,10,2,8,NA,6,NA,30,36,16,26,2,8,2,2,22,2,71,2,51,23,NA,15,2,21,18,NA,3,NA,7,78,8,2,37,57,1,8,NA,NA,NA,NA,2,NA,NA,NA,NA,NA,5466,4645,NA,821,NA,2,1,41,NA,3788,34,18,NA,9,47,21,14,4,46,4,4,8,3,5,1,44,26,12,17,3,9,1,3,18,2,77,3,56,14,2,19,2,25,28,NA,3,NA,11,83,15,NA,28,85,1,7,1,NA,NA,NA,NA,NA,NA,NA,NA,NA,4162,3544,2,616,NA,1,1,22,2,2971,31,15,2,2,34,19,6,5,23,6,3,3,2,1,NA,30,12,9,13,1,5,NA,2,13,NA,43,4,36,8,NA,13,2,25,22,NA,6,2,3,63,12,1,18,45,1,3,2,1,NA,NA,NA,NA,1,NA,1,NA,"University of California-Berkeley","","California","","","","","Public","Berkeley",6182,4689,633,860,75.8492397282433,10.2394047233905,13.9113555483662,5466,3788,821,857,69.3011342846689,15.0201244054153,15.6787413099158,4162,2971,616,575,71.3839500240269,14.8005766458433,13.8154733301297
110644,"University of California-Davis",5762,4848,1,913,NA,NA,NA,7,NA,4643,6,3,NA,1,8,3,6,5,10,4,1,2,NA,NA,NA,10,7,3,5,NA,2,1,1,10,NA,5,1,12,3,NA,6,NA,14,11,NA,1,NA,2,20,1,NA,6,23,1,2,NA,2,NA,NA,1,NA,NA,NA,NA,NA,5377,4717,8,652,NA,1,2,9,NA,4519,6,5,1,1,6,3,16,4,2,2,NA,NA,2,NA,1,5,8,8,3,1,NA,2,NA,8,NA,8,2,17,1,NA,2,1,10,4,NA,NA,NA,1,14,2,3,7,23,NA,2,NA,5,NA,NA,5,NA,3,NA,NA,NA,5208,4897,3,308,NA,1,2,4,NA,4813,6,1,NA,1,1,1,12,4,2,NA,NA,1,NA,NA,NA,NA,2,NA,3,NA,1,NA,NA,9,NA,4,NA,2,NA,1,1,NA,7,1,NA,1,NA,1,3,1,NA,1,7,NA,NA,NA,3,NA,NA,NA,NA,2,NA,NA,1,"University of California-Davis","","California","","","","","Public","Davis",5762,4643,913,206,80.5796598403332,15.8451926414439,3.57514751822284,5377,4519,652,206,84.0431467360982,12.1257206620792,3.83113260182258,5208,4813,308,87,92.4155145929339,5.91397849462366,1.6705069124424
110653,"University of California-Irvine",6551,5003,6,1542,NA,1,1,4,NA,4860,6,2,NA,1,3,3,14,2,8,2,1,NA,NA,1,NA,1,5,1,5,NA,2,NA,NA,13,1,11,NA,8,1,NA,1,4,6,1,NA,NA,NA,2,8,3,1,4,15,NA,1,NA,NA,1,NA,2,NA,2,NA,1,NA,5435,4541,2,892,NA,NA,NA,12,NA,4403,2,3,NA,NA,5,2,26,1,2,NA,1,NA,NA,NA,NA,2,3,2,1,NA,1,NA,NA,22,NA,4,1,6,1,NA,NA,1,2,3,NA,3,1,2,10,1,NA,4,12,NA,1,1,NA,NA,NA,1,NA,1,NA,NA,NA,5077,4468,3,606,NA,NA,2,11,NA,4356,3,2,NA,NA,7,2,18,1,8,NA,NA,1,1,1,NA,2,1,1,NA,1,NA,NA,NA,13,NA,5,2,1,NA,NA,1,NA,7,2,1,1,NA,NA,6,2,NA,1,8,NA,NA,NA,NA,NA,NA,1,NA,1,NA,1,NA,"University of California-Irvine","","California","","","","","Public","Irvine",6551,4860,1542,149,74.1871470004579,23.5383910853305,2.27446191421157,5435,4403,892,140,81.0119595216191,16.4121435142594,2.57589696412144,5077,4356,606,115,85.7987000196967,11.9361827851093,2.26511719519401
110662,"University of California-Los Angeles",6545,5735,3,807,NA,4,3,37,NA,4906,32,21,NA,5,51,21,26,3,50,8,3,7,2,5,2,28,36,8,12,1,7,2,2,25,3,59,6,68,17,NA,8,3,17,29,4,4,NA,14,86,8,1,33,54,2,9,NA,3,NA,NA,1,NA,1,NA,NA,1,5764,4993,2,769,NA,1,NA,49,1,4185,23,23,2,6,60,24,17,2,50,10,4,7,3,3,2,38,45,6,16,1,11,NA,NA,31,1,60,8,62,9,1,13,3,14,26,3,4,1,9,57,11,NA,28,49,1,12,NA,1,NA,NA,2,NA,NA,NA,NA,NA,5620,4568,6,1046,NA,2,1,20,NA,4028,22,9,1,4,28,22,10,1,29,5,2,3,5,1,NA,20,19,5,7,NA,4,2,1,29,6,44,1,44,5,NA,8,2,12,21,NA,3,NA,12,55,5,NA,21,38,NA,6,1,4,NA,NA,6,NA,NA,NA,NA,NA,"University of California-Los Angeles","","California","","","","","Public","Los Angles",6545,4906,807,832,74.9579831932773,12.3300229182582,12.7119938884645,5764,4185,769,810,72.6058292852186,13.3414295628036,14.0527411519778,5620,4028,1046,546,71.6725978647687,18.6120996441281,9.7153024911032
110671,"University of California-Riverside",5358,5279,NA,79,NA,1,NA,2,1,5239,1,NA,NA,1,4,2,3,NA,1,NA,NA,NA,NA,NA,1,2,1,1,1,NA,NA,NA,NA,1,NA,1,2,2,NA,NA,NA,NA,1,2,NA,NA,NA,NA,3,1,NA,1,3,NA,NA,NA,1,NA,NA,NA,NA,NA,NA,NA,NA,4281,4185,1,95,NA,NA,NA,6,NA,4123,1,1,NA,NA,2,3,1,NA,3,1,NA,1,NA,NA,NA,1,2,NA,2,1,NA,NA,NA,5,NA,4,NA,4,1,NA,2,1,NA,4,NA,NA,NA,NA,7,NA,NA,5,2,NA,NA,NA,2,1,NA,NA,NA,NA,NA,NA,NA,4034,3936,NA,98,NA,NA,1,1,NA,3894,1,NA,NA,1,1,4,1,NA,5,1,NA,1,NA,NA,NA,1,1,NA,1,NA,NA,NA,NA,3,NA,1,1,NA,1,NA,1,NA,NA,4,NA,NA,NA,1,4,NA,NA,NA,3,NA,NA,NA,3,NA,NA,NA,NA,NA,NA,NA,NA,"University of California-Riverside","","California","","","","","Public","Riverside",5358,5239,79,40,97.779022023143,1.47443075774543,0.746547219111609,4281,4123,95,63,96.309273534221,2.2191076851203,1.47161878065872,4034,3894,98,42,96.5294992563213,2.42935052057511,1.04115022310362
110680,"University of California-San Diego",5748,4608,4,1136,NA,NA,1,13,NA,4225,14,6,2,4,14,13,13,1,13,5,1,3,NA,3,2,18,25,5,3,2,10,NA,2,13,4,37,7,29,7,NA,4,NA,8,14,1,2,NA,6,27,4,1,16,25,NA,3,NA,2,NA,NA,3,NA,1,NA,NA,NA,4922,3978,3,941,NA,1,NA,17,2,3720,15,3,1,2,6,6,13,2,16,NA,1,1,NA,1,1,4,8,1,7,1,2,NA,NA,15,2,21,3,13,2,NA,2,4,4,12,NA,2,NA,NA,23,3,NA,9,23,NA,7,1,1,NA,NA,3,NA,NA,NA,NA,NA,4575,3889,4,682,NA,1,4,25,4,3536,17,8,1,1,12,4,23,1,14,1,1,2,3,NA,1,6,12,6,6,1,7,1,1,27,1,15,6,21,3,NA,3,1,12,8,NA,4,NA,3,29,5,NA,13,32,NA,NA,NA,7,NA,NA,4,NA,NA,NA,NA,NA,"University of California-San Diego","","California","","","","","Public","La Jolla",5748,4225,1136,387,73.5038274182324,19.7633959638135,6.73277661795407,4922,3720,941,261,75.5790329134498,19.1182446160098,5.30272247054043,4575,3536,682,357,77.2896174863388,14.9071038251366,7.80327868852459
110705,"University of California-Santa Barbara",4996,4457,1,538,NA,1,1,5,NA,4248,15,5,1,4,13,3,7,3,13,1,NA,3,NA,NA,4,10,14,5,2,NA,3,1,2,3,3,12,2,24,5,NA,1,2,4,6,NA,NA,NA,3,9,4,NA,3,9,NA,1,NA,2,NA,NA,NA,NA,1,NA,NA,NA,4738,4408,2,328,NA,1,NA,9,1,4178,13,10,NA,5,7,3,8,1,13,3,NA,2,1,1,2,12,9,2,4,NA,2,2,1,10,1,14,2,19,3,NA,3,1,7,4,NA,2,NA,1,15,2,NA,7,23,NA,2,NA,2,NA,NA,1,NA,1,NA,NA,NA,4741,4505,2,234,NA,1,1,13,NA,4227,24,5,1,4,7,4,7,3,19,NA,NA,2,2,1,2,9,11,4,3,NA,2,NA,1,11,1,15,5,20,2,NA,2,3,7,7,NA,2,NA,2,27,3,1,16,25,1,1,NA,1,NA,NA,2,NA,NA,NA,NA,NA,"University of California-Santa Barbara","","California","","","","","Public","Santa Barbara",4996,4248,538,210,85.0280224179344,10.7686148919135,4.20336269015212,4738,4178,328,232,88.1806669480794,6.92275221612495,4.89658083579569,4741,4227,234,280,89.1584053997047,4.93566758067918,5.90592701961612
126614,"University of Colorado Boulder",6421,5946,2,473,NA,2,7,37,8,706,3390,51,4,13,113,38,18,17,271,17,6,18,7,15,8,38,91,41,57,3,32,4,11,16,14,97,13,98,38,4,33,17,33,83,10,17,2,28,204,12,10,65,93,1,26,4,5,NA,NA,NA,NA,NA,NA,2,NA,5865,5507,1,357,NA,3,2,22,5,707,3287,35,2,8,55,41,17,11,155,19,12,17,2,10,11,64,87,26,46,1,24,4,7,15,14,101,18,101,29,1,37,4,25,75,8,7,4,25,164,13,12,53,79,2,31,5,4,NA,NA,NA,NA,NA,NA,1,NA,5477,5290,NA,183,4,8,8,34,3,722,3148,39,4,13,42,38,19,14,154,13,6,21,4,7,8,50,91,17,38,3,26,8,7,25,12,65,20,81,19,1,43,9,31,61,10,5,5,26,168,7,14,40,79,NA,21,3,NA,NA,NA,NA,NA,NA,NA,NA,NA,"University of Colorado Boulder","","Colorado","","","","","Public","Boulder",6421,3390,473,2558,52.7955147173337,7.366453823392,39.8380314592743,5865,3287,357,2221,56.0443307757886,6.08695652173913,37.8687127024723,5477,3148,183,2146,57.4767208325726,3.34124520723024,39.1820339601972
129020,"University of Connecticut",3822,3513,9,300,NA,NA,NA,NA,3,36,2,2516,NA,1,13,4,1,NA,17,2,NA,1,1,1,10,19,334,1,7,NA,2,1,NA,1,49,140,2,254,3,NA,5,NA,1,20,39,2,NA,2,5,NA,10,7,1,NA,NA,NA,NA,NA,NA,NA,NA,NA,NA,9,NA,3588,3409,14,165,NA,1,NA,1,NA,22,3,2268,2,3,15,6,NA,NA,11,2,NA,NA,NA,NA,21,12,393,1,3,NA,NA,NA,NA,2,65,167,NA,282,2,NA,5,1,NA,30,54,1,NA,3,6,NA,12,5,6,NA,2,NA,2,NA,NA,NA,NA,NA,NA,14,NA,3114,3010,4,100,NA,NA,NA,2,NA,22,NA,2225,NA,1,20,2,NA,NA,14,2,NA,1,1,NA,12,15,215,1,1,NA,1,NA,NA,NA,40,137,NA,180,4,NA,6,NA,NA,25,37,1,NA,1,15,NA,11,10,5,NA,3,NA,NA,NA,NA,NA,NA,NA,NA,4,NA,"University of Connecticut","","Connecticut","","","","","Public","Storrs",3822,2516,300,1006,65.8294086865515,7.84929356357928,26.3212977498692,3588,2268,165,1155,63.2107023411371,4.59866220735786,32.190635451505,3114,2225,100,789,71.451509312781,3.21130378933847,25.3371868978805
130943,"University of Delaware",4381,4186,1,194,NA,NA,NA,2,NA,25,4,127,1653,5,24,4,NA,NA,11,4,1,NA,1,NA,1,224,92,4,NA,NA,NA,NA,NA,NA,10,963,NA,550,5,NA,7,1,NA,395,14,2,NA,1,5,NA,4,45,NA,NA,NA,1,1,NA,NA,NA,NA,NA,NA,NA,1,4521,4427,NA,94,NA,NA,1,1,NA,26,3,155,1631,3,8,11,1,1,12,3,NA,3,NA,1,3,231,141,2,NA,NA,1,NA,NA,1,16,895,1,647,9,NA,6,NA,NA,517,23,1,NA,2,6,NA,3,53,4,3,1,NA,1,NA,NA,NA,NA,NA,NA,NA,NA,4226,4141,NA,85,NA,1,NA,NA,NA,26,2,100,1704,16,16,8,1,2,7,NA,NA,1,2,NA,4,236,110,1,2,NA,1,NA,NA,1,7,738,1,598,4,NA,9,NA,NA,444,15,1,NA,NA,4,1,6,59,1,NA,2,NA,10,NA,NA,NA,NA,NA,NA,NA,NA,"University of Delaware","","Delaware","","","","","Public","Newark",4381,1653,194,2534,37.731111618352,4.42821273681808,57.84067564483,4521,1631,94,2796,36.0760893607609,2.07918602079186,61.8447246184472,4226,1704,85,2437,40.3218173213441,2.01135825840038,57.6668244202556
134130,"University of Florida",6833,6485,NA,348,NA,9,1,4,3,21,9,10,9,1,5678,73,1,1,29,5,1,3,5,8,NA,43,15,13,6,3,8,NA,2,6,8,90,NA,126,29,NA,22,4,1,45,5,11,1,12,48,3,1,54,3,1,5,NA,49,NA,NA,NA,NA,NA,NA,NA,NA,6504,6215,18,271,NA,4,NA,2,1,21,5,7,3,2,5683,48,NA,NA,28,4,1,2,3,4,NA,42,16,10,3,2,5,NA,2,NA,3,44,1,103,17,NA,4,NA,1,33,2,12,NA,11,26,3,NA,39,4,2,1,NA,11,NA,NA,NA,NA,NA,NA,17,1,6290,5951,9,329,1,5,1,1,NA,10,5,3,4,1,5555,50,NA,NA,15,4,1,6,2,NA,2,29,7,2,3,4,4,NA,3,3,1,30,NA,64,14,1,10,NA,NA,23,1,6,NA,10,22,1,NA,30,2,1,2,NA,13,NA,NA,NA,NA,NA,NA,9,NA,"University of Florida","Florida","Florida","","ASP","","SEC","Public","Gainesville",6833,5678,348,807,83.0967364261671,5.09293136250549,11.8103322113274,6504,5683,271,550,87.3769987699877,4.16666666666667,8.45633456334563,6290,5555,329,406,88.3147853736089,5.23052464228935,6.45468998410175
139959,"University of Georgia",5433,5370,NA,63,NA,15,NA,4,3,34,17,9,3,2,53,4763,NA,NA,18,6,NA,3,10,22,1,33,6,5,5,2,7,1,2,1,1,24,NA,23,66,NA,10,5,1,18,1,32,NA,51,54,1,3,49,2,2,2,NA,NA,NA,NA,NA,NA,NA,NA,NA,NA,5261,5177,NA,84,NA,12,4,2,4,13,7,11,2,5,53,4591,NA,1,11,3,1,1,7,18,1,42,8,7,1,2,4,NA,NA,1,1,26,1,27,75,NA,9,4,NA,22,2,27,1,47,62,NA,1,48,4,2,6,NA,NA,NA,NA,NA,NA,NA,NA,NA,NA,4935,4849,1,82,3,13,1,1,2,16,6,5,1,11,49,4321,NA,NA,13,3,1,4,10,21,1,35,7,4,2,5,3,NA,NA,1,3,15,NA,16,64,NA,8,3,NA,13,NA,33,NA,46,65,NA,NA,44,1,NA,2,NA,NA,NA,NA,NA,NA,NA,NA,1,NA,"University of Georgia","Georgia","Georgia","","ASP","","SEC","Public","Athens",5433,4763,63,607,87.6679550892693,1.15958034235229,11.1724645683784,5261,4591,84,586,87.2647785592093,1.59665462839764,11.1385668123931,4935,4321,82,532,87.5582573454914,1.66160081053698,10.7801418439716
145637,"University of Illinois at Urbana-Champaign",7592,6469,2,1042,79,4,NA,8,2,278,15,8,4,NA,23,30,3,NA,5639,11,12,11,11,2,NA,12,25,23,21,3,29,NA,2,2,5,78,4,33,6,NA,19,6,2,17,1,2,NA,15,39,NA,NA,33,19,NA,12,NA,NA,NA,NA,1,NA,NA,NA,1,NA,6937,5868,4,1065,NA,4,2,11,6,227,18,8,2,3,25,23,NA,3,4936,21,11,5,12,2,NA,16,23,23,23,1,34,NA,3,1,1,80,4,64,8,NA,34,NA,5,19,2,2,2,10,38,4,NA,38,22,NA,16,NA,76,NA,NA,NA,NA,NA,NA,4,NA,6921,6007,NA,914,NA,NA,1,8,3,158,18,4,3,1,30,11,1,1,5225,19,3,4,5,3,3,17,31,15,16,5,43,NA,3,2,4,69,1,43,9,NA,34,4,7,13,NA,2,NA,9,37,2,1,31,11,4,17,NA,76,NA,NA,NA,NA,NA,NA,NA,NA,"University of Illinois at Urbana-Champaign","","Illinois","","","","","Public","Champaign",7592,5639,1042,911,74.2755532139094,13.7249736564805,11.9994731296101,6937,4936,1065,936,71.1546778146173,15.3524578347989,13.4928643505838,6921,5225,914,782,75.4948706834273,13.2061840774455,11.2989452391273
153658,"University of Iowa",5641,5207,4,425,5,NA,NA,2,1,49,21,5,NA,2,10,5,3,2,1690,21,2847,18,1,NA,NA,7,4,30,158,NA,42,1,22,1,4,12,4,13,5,2,13,1,3,7,3,3,14,1,33,1,NA,11,7,NA,127,NA,1,NA,NA,3,NA,NA,NA,1,NA,4666,4092,NA,571,3,1,1,5,1,49,22,3,NA,2,18,3,NA,3,1378,16,2197,12,NA,NA,NA,4,3,10,130,1,28,1,12,2,NA,13,3,9,3,2,10,1,3,8,1,1,4,2,27,2,2,8,5,1,85,NA,NA,NA,NA,NA,NA,NA,NA,NA,NA,4470,4070,2,398,NA,NA,NA,6,NA,36,9,3,NA,NA,9,6,3,1,1490,9,2122,6,NA,NA,NA,1,3,12,109,NA,27,NA,23,5,NA,3,1,13,1,1,16,2,NA,11,NA,1,9,4,26,2,1,4,2,1,92,NA,NA,NA,NA,NA,NA,NA,NA,2,NA,"University of Iowa","","Iowa","","","","","Public","Iowa City",5641,2847,425,2369,50.469774862613,7.53412515511434,41.9960999822726,4666,2197,571,1898,47.0852978997,12.2374624946421,40.677239605658,4470,2122,398,1950,47.4720357941834,8.90380313199105,43.6241610738255
155317,"University of Kansas",4233,4037,NA,196,NA,1,NA,14,19,90,123,7,1,2,16,10,4,5,286,5,21,2423,2,5,4,10,8,8,106,2,385,1,137,8,1,8,5,11,7,4,4,50,4,12,1,NA,8,7,138,1,NA,14,7,1,40,3,8,NA,NA,NA,NA,NA,NA,NA,NA,4084,3930,NA,147,7,2,2,13,19,99,113,5,1,1,16,7,NA,1,202,10,24,2549,3,2,NA,10,6,9,112,NA,313,NA,69,7,1,11,10,7,7,1,11,36,3,10,1,3,7,5,154,2,1,15,15,NA,29,3,3,NA,NA,NA,NA,NA,NA,NA,NA,3771,3650,1,120,NA,2,NA,13,7,67,82,5,1,1,11,8,1,2,207,3,21,2581,3,NA,NA,8,7,8,71,1,235,NA,49,6,2,9,10,6,5,NA,12,33,2,7,NA,NA,10,9,95,7,2,15,4,NA,18,1,3,NA,NA,NA,NA,1,NA,NA,NA,"University of Kansas","","Kansas","","","","","Public","Lawrence",4233,19,2423,1791,0.448854240491377,57.2407276163477,42.3104181431609,4084,19,2549,1516,0.465230166503428,62.4142997061704,37.1204701273262,3771,7,2581,1183,0.185627154600902,68.4433837178467,31.3709891275524
157085,"University of Kentucky",5117,5038,1,73,5,16,NA,4,4,27,6,17,5,2,36,128,1,2,382,122,1,2,3124,2,2,47,13,76,9,6,61,2,1,1,7,26,1,32,42,NA,459,1,NA,86,5,12,NA,88,42,NA,6,61,3,42,24,2,NA,NA,NA,NA,NA,NA,NA,1,NA,5185,5040,1,139,5,11,1,10,3,27,4,9,7,2,44,120,1,NA,344,141,8,5,3145,3,NA,48,17,52,6,5,42,NA,1,3,3,26,NA,27,37,1,534,NA,NA,69,5,11,2,74,33,2,3,82,7,43,22,NA,NA,NA,NA,NA,NA,NA,NA,1,NA,4647,4529,NA,115,3,11,2,6,2,32,3,10,3,NA,24,80,1,2,221,106,4,7,3119,2,NA,31,12,46,4,3,11,NA,4,1,5,15,NA,26,27,NA,422,NA,3,63,4,13,NA,77,25,2,4,52,7,16,21,NA,NA,NA,NA,NA,NA,NA,NA,NA,NA,"University of Kentucky","Kentucky","Kentucky","Peer","","","SEC","Public","Lexington",5117,3124,73,1920,61.0513973031073,1.4266171584913,37.5219855384014,5185,3145,139,1901,60.655737704918,2.6808100289296,36.6634522661524,4647,3119,115,1413,67.1185711211534,2.47471486980848,30.4067140090381
163286,"University of Maryland-College Park",4577,4441,NA,136,NA,3,1,1,1,43,1,64,10,13,40,15,1,1,30,3,1,2,1,NA,1,3181,89,5,3,1,3,NA,NA,NA,6,409,1,228,12,NA,11,NA,2,153,6,2,NA,7,15,NA,2,52,2,NA,1,NA,18,NA,NA,NA,NA,NA,NA,NA,NA,4155,4044,3,108,NA,1,NA,3,NA,35,5,50,9,20,23,4,1,NA,21,NA,NA,1,NA,4,3,3002,66,4,5,NA,NA,NA,1,3,9,340,2,199,11,NA,11,NA,1,104,8,1,NA,4,15,NA,1,52,6,NA,2,NA,17,NA,NA,NA,NA,NA,NA,3,NA,3903,3825,4,73,1,2,NA,2,NA,19,3,50,16,17,25,25,1,NA,18,2,NA,2,2,1,2,2675,87,1,4,NA,1,NA,NA,NA,9,358,1,242,8,NA,16,1,NA,136,7,4,NA,8,9,NA,1,57,2,2,1,NA,8,NA,NA,NA,NA,NA,NA,3,1,"University of Maryland-College Park","","Maryland","","","","","Public","College Park",4577,3181,136,1260,69.4996722744156,2.97137863229189,27.5289490932925,4155,3002,108,1045,72.2503008423586,2.59927797833935,25.150421179302,3903,2675,73,1155,68.5370228029721,1.87035613630541,29.5926210607225
166629,"University of Massachusetts-Amherst",4679,4295,4,380,NA,NA,2,1,NA,55,9,114,4,4,25,7,2,NA,15,NA,NA,NA,2,6,12,18,3420,3,2,NA,NA,NA,1,5,67,128,3,257,3,NA,7,3,NA,25,33,NA,NA,3,14,NA,10,8,6,NA,2,NA,19,NA,NA,1,NA,NA,NA,3,NA,4694,4500,6,188,NA,1,NA,NA,NA,51,6,177,6,7,30,6,2,NA,10,2,1,4,NA,2,27,11,3377,5,7,1,1,NA,NA,4,68,203,NA,309,3,NA,1,1,5,47,32,NA,1,5,10,1,18,18,5,1,1,NA,33,NA,NA,1,NA,1,NA,4,NA,4679,4569,6,104,NA,NA,1,9,1,40,7,202,3,5,21,6,6,NA,8,NA,NA,1,4,NA,17,19,3402,6,2,NA,1,1,NA,3,71,254,2,338,NA,NA,4,NA,2,41,32,1,NA,1,7,1,28,12,5,2,1,1,1,NA,NA,NA,NA,NA,NA,6,NA,"University of Massachusetts-Amherst","","Massachusetts","","","","","Public","Amherst",4679,3420,380,879,73.0925411412695,8.12139346014106,18.7860653985894,4694,3377,188,1129,71.942905837239,4.005112910098,24.051981252663,4679,3402,104,1173,72.7078435563155,2.22269715751229,25.0694592861723
220862,"University of Memphis",2743,2705,NA,38,NA,21,NA,1,73,7,1,2,NA,NA,9,7,1,NA,33,1,NA,3,1,6,1,1,NA,3,NA,164,21,NA,NA,4,1,1,1,4,2,NA,6,NA,3,3,NA,NA,NA,2297,20,NA,NA,3,1,NA,3,NA,NA,NA,NA,NA,NA,NA,NA,NA,NA,2319,2291,NA,28,NA,3,NA,NA,39,3,1,1,NA,NA,8,3,NA,NA,10,3,NA,1,4,4,NA,5,NA,8,NA,130,13,NA,1,1,NA,2,1,4,2,NA,1,2,1,2,1,1,NA,2024,8,NA,1,1,NA,NA,2,NA,NA,NA,NA,NA,NA,NA,NA,NA,NA,2181,2166,NA,15,NA,5,NA,3,12,2,1,3,NA,1,4,5,NA,NA,10,4,NA,1,NA,1,NA,4,NA,1,2,98,1,NA,1,NA,NA,1,1,1,NA,NA,3,1,NA,6,NA,2,NA,1977,10,NA,NA,1,1,NA,3,NA,NA,NA,NA,NA,NA,NA,NA,NA,NA,"University of Memphis","","Tennessee","","","In-State","","Public","Memphis",2743,2297,38,408,83.7404301859278,1.3853445133066,14.8742253007656,2319,2024,28,267,87.2789995687797,1.20741699008193,11.5135834411384,2181,1977,15,189,90.646492434663,0.687757909215956,8.66574965612105
170976,"University of Michigan-Ann Arbor",6689,6340,5,344,NA,5,2,17,6,419,43,89,6,20,130,59,3,2,457,34,6,11,10,6,7,129,117,3402,23,1,21,3,10,16,6,295,10,457,22,NA,152,7,14,92,8,8,2,26,52,2,6,60,29,7,30,1,NA,NA,NA,NA,NA,1,NA,4,NA,6505,6246,2,257,NA,1,2,12,1,419,31,109,4,20,84,44,3,2,362,26,4,9,5,1,4,117,113,3608,30,2,15,2,6,4,6,288,3,437,22,1,156,4,8,101,6,1,1,11,50,8,4,56,19,4,17,NA,3,NA,NA,NA,NA,NA,NA,2,NA,6171,5881,8,282,NA,1,5,6,NA,322,22,82,4,12,81,33,2,1,352,24,8,9,13,1,3,94,59,3592,28,NA,13,1,8,7,7,217,3,427,17,NA,148,7,3,89,2,4,4,17,56,6,7,48,15,4,17,NA,NA,2,NA,2,NA,NA,NA,4,NA,"University of Michigan-Ann Arbor","","Michigan","","","","","Public","Ann Arbor",6689,3402,344,2943,50.8596202720885,5.14277171475557,43.9976080131559,6505,3608,257,2640,55.4650269023828,3.95080707148347,40.5841660261337,6171,3592,282,2297,58.2077459082807,4.56976178901313,37.2224923027062
174066,"University of Minnesota-Twin Cities",5880,5526,NA,354,NA,3,2,6,4,81,24,2,1,NA,8,2,1,1,375,12,33,15,NA,1,1,5,4,20,3783,NA,43,2,16,2,1,22,2,20,8,55,5,1,4,11,2,4,79,4,33,3,NA,14,10,NA,765,NA,36,NA,NA,NA,NA,NA,NA,NA,NA,5530,5190,2,338,NA,2,1,3,1,78,17,3,NA,1,10,6,2,2,339,3,57,9,2,2,2,11,8,16,3521,NA,34,NA,12,2,1,11,1,15,3,70,15,NA,3,8,1,2,75,1,28,2,2,7,7,NA,750,1,43,NA,NA,1,NA,NA,NA,1,NA,5514,5226,1,287,NA,1,3,5,1,44,17,4,NA,NA,17,7,3,3,344,7,41,11,2,NA,NA,5,7,13,3447,NA,39,1,18,1,2,15,4,18,5,62,12,5,1,7,1,3,79,1,17,1,NA,6,8,NA,893,NA,45,NA,NA,NA,NA,NA,NA,1,NA,"University of Minnesota-Twin Cities","","Minnesota","","ASP","","","Public","Minneapolis",5880,3783,354,1743,64.3367346938775,6.02040816326531,29.6428571428571,5530,3521,338,1671,63.6708860759494,6.1121157323689,30.2169981916817,5514,3447,287,1780,62.5136017410229,5.20493289807762,32.2814653608995
176017,"University of Mississippi",3962,3912,NA,50,NA,112,1,5,61,89,27,8,NA,1,145,249,1,1,133,17,4,13,45,112,1,40,15,19,8,1684,122,NA,1,3,2,25,NA,28,86,1,32,8,2,27,1,24,NA,260,402,1,NA,69,9,2,16,NA,NA,NA,NA,NA,NA,NA,NA,NA,NA,3809,3772,NA,37,NA,103,NA,5,60,84,21,19,NA,2,99,295,1,1,100,23,NA,20,22,92,1,35,15,18,7,1688,103,NA,3,4,NA,21,1,19,66,1,24,8,5,23,5,23,NA,297,353,1,3,83,8,1,9,NA,NA,NA,NA,NA,NA,NA,NA,NA,NA,3373,3344,NA,29,NA,113,1,5,44,65,20,15,NA,2,77,249,NA,2,81,9,5,7,28,81,1,37,8,8,3,1631,107,NA,NA,2,1,13,1,8,38,NA,31,4,3,9,6,25,1,227,292,NA,3,64,8,1,8,NA,NA,NA,NA,NA,NA,NA,NA,NA,NA,"University of Mississippi","Ole Miss","Mississippi","","","","SEC","Public","University",3962,1684,50,2228,42.5037859666835,1.26198889449773,56.2342251388188,3809,1688,37,2084,44.3160934628511,0.971383565240221,54.7125229719086,3373,1631,29,1713,48.3545804921435,0.85976875185295,50.7856507560036
178396,"University of Missouri-Columbia",4772,4651,NA,116,5,NA,NA,3,21,48,33,3,NA,2,23,20,1,NA,894,9,24,91,3,6,NA,7,10,8,61,1,3140,1,11,4,1,7,2,8,5,NA,13,4,3,9,NA,NA,2,15,120,2,NA,12,5,NA,19,NA,NA,NA,NA,NA,NA,NA,NA,NA,NA,6515,6331,NA,181,3,3,NA,9,22,75,57,6,2,2,27,27,1,NA,1437,17,46,98,6,1,1,8,6,15,103,3,3949,1,18,NA,NA,13,NA,12,11,NA,17,17,2,9,1,4,2,42,183,4,2,19,8,1,44,NA,NA,NA,NA,NA,NA,NA,NA,NA,NA,6501,6363,NA,136,2,3,3,16,13,51,51,3,NA,1,19,19,1,2,1370,13,38,134,5,3,NA,18,6,20,95,1,4096,NA,22,2,2,8,4,12,7,1,19,24,2,14,NA,3,1,23,176,2,NA,15,5,1,38,1,NA,NA,NA,NA,NA,NA,NA,NA,NA,"University of Missouri-Columbia","Missouri","Missouri","Peer","","","SEC","Public","Columbia",4772,3140,116,1516,65.8005029337804,2.43084660519698,31.7686504610226,6515,3949,181,2385,60.6139677666922,2.77820414428243,36.6078280890253,6501,4096,136,2269,63.0056914320874,2.09198584833103,34.9023227195816
181464,"University of Nebraska-Lincoln",4860,4552,2,306,NA,NA,NA,16,5,63,113,1,1,NA,16,4,1,4,148,7,78,82,1,5,NA,6,4,17,137,NA,60,2,3405,3,NA,9,4,4,7,13,8,5,3,11,NA,2,105,1,67,2,NA,19,5,NA,37,7,64,NA,NA,1,NA,NA,NA,1,NA,4652,4458,2,192,NA,1,3,13,2,65,91,2,1,1,14,4,1,2,144,6,68,94,3,3,NA,2,NA,19,142,NA,52,NA,3367,2,NA,6,5,6,7,14,7,8,5,6,NA,2,109,5,50,2,NA,8,6,1,28,4,77,NA,NA,2,NA,NA,NA,NA,NA,3937,3823,NA,114,NA,NA,5,13,1,53,52,1,NA,NA,7,2,1,1,89,2,80,53,NA,1,1,1,1,12,98,NA,49,1,3026,2,3,8,1,7,1,7,10,3,3,4,NA,2,99,4,38,1,1,7,5,NA,16,3,48,NA,NA,NA,NA,NA,NA,NA,NA,"University of Nebraska-Lincoln","U Neb-Lincoln","Nebraska","Peer","","","","Public","Lincoln",4860,3405,306,1149,70.0617283950617,6.2962962962963,23.641975308642,4652,3367,192,1093,72.3774720550301,4.12725709372313,23.4952708512468,3937,3026,114,797,76.8605537211074,2.89560579121158,20.243840487681
199120,"University of North Carolina at Chapel Hill",4228,4156,NA,70,2,8,1,NA,NA,31,24,16,5,7,71,56,1,NA,21,13,NA,1,7,3,2,43,11,6,4,1,5,NA,2,2,4,39,2,65,3521,NA,20,NA,3,32,1,26,NA,19,26,3,3,46,2,1,2,NA,NA,NA,NA,NA,NA,NA,NA,NA,NA,3976,3902,2,72,NA,4,NA,7,5,23,12,19,6,4,77,70,NA,NA,12,6,1,1,3,4,NA,50,13,10,6,NA,6,NA,1,NA,NA,44,NA,76,3227,NA,10,NA,4,42,2,19,1,16,33,1,NA,73,5,2,NA,NA,7,NA,NA,NA,NA,NA,NA,2,NA,3915,3866,1,48,NA,5,NA,3,1,25,4,17,2,4,74,54,2,1,11,5,2,2,4,2,NA,64,10,7,5,1,11,NA,1,1,2,34,NA,63,3266,NA,17,2,NA,18,1,14,NA,17,32,1,1,61,4,2,5,NA,8,NA,NA,NA,NA,NA,NA,1,NA,"University of North Carolina at Chapel Hill","UNC","North Carolina","","","","","Public","Chapel Hill",4228,3521,70,637,83.2781456953642,1.65562913907285,15.0662251655629,3976,3227,72,677,81.1619718309859,1.81086519114688,17.0271629778672,3915,3266,48,601,83.4227330779055,1.22605363984674,15.3512132822478
207500,"University of Oklahoma-Norman Campus",4198,4090,NA,108,NA,3,1,14,32,66,50,4,NA,3,13,10,6,7,43,7,11,52,7,9,NA,14,5,8,10,8,41,1,5,7,NA,9,7,8,8,3,14,2439,2,9,NA,4,2,9,1098,1,NA,11,4,NA,19,2,4,NA,NA,NA,NA,NA,NA,NA,NA,4176,4175,NA,1,NA,3,NA,9,17,52,58,7,NA,7,19,11,NA,6,27,2,10,54,2,10,NA,7,6,10,15,6,58,2,7,7,5,7,7,5,11,2,12,2358,5,15,NA,7,1,11,1139,4,NA,13,4,4,12,2,139,NA,NA,NA,NA,NA,NA,NA,NA,4138,4135,1,2,NA,2,3,8,15,48,38,2,1,5,15,11,5,4,41,5,6,37,4,7,1,9,NA,9,11,2,27,3,8,10,NA,6,11,8,3,1,9,2463,3,13,NA,3,3,9,1094,8,NA,16,5,2,8,1,132,NA,NA,NA,NA,NA,NA,1,NA,"University of Oklahoma-Norman Campus","","Oklahoma","","","","","Public","Norman",4198,2439,108,1651,58.099094807051,2.57265364459266,39.3282515483564,4176,2358,1,1817,56.4655172413793,0.0239463601532567,43.5105363984674,4138,2463,2,1673,59.5215079748671,0.0483325277912035,40.4301594973417
209551,"University of Oregon",4041,3735,NA,306,NA,1,7,28,1,1205,51,5,2,1,10,16,44,19,31,5,2,NA,NA,3,NA,17,12,6,18,NA,1,12,NA,34,5,12,7,6,5,3,5,2,1930,10,NA,2,2,8,58,15,NA,14,103,1,9,3,4,NA,NA,NA,NA,NA,NA,NA,NA,3961,3482,3,476,NA,1,15,25,1,1061,72,5,NA,2,13,3,48,18,35,4,6,5,NA,1,NA,9,4,4,11,NA,5,4,4,30,4,8,6,5,7,1,6,3,1854,8,NA,3,NA,NA,43,5,1,10,116,1,8,3,4,NA,NA,3,NA,NA,NA,NA,NA,4031,3581,1,449,NA,2,12,36,NA,1068,53,5,1,NA,7,4,67,25,26,3,2,7,1,2,2,6,10,5,11,NA,NA,12,3,31,2,4,4,5,3,NA,7,NA,1950,6,NA,NA,NA,NA,22,10,2,12,147,NA,2,4,NA,1,NA,NA,NA,NA,NA,NA,NA,"University of Oregon","","Oregon","","","","","Public","Eugene",4041,1930,306,1805,47.7604553328384,7.57238307349666,44.6671615936649,3961,1854,476,1631,46.8063620297905,12.0171673819742,41.1764705882353,4031,1950,449,1632,48.3750930290251,11.1386752666832,40.4862317042917
215293,"University of Pittsburgh-Pittsburgh Campus",3954,3795,3,156,NA,2,1,5,NA,33,3,32,20,15,27,11,1,NA,60,7,NA,5,6,2,1,127,72,22,2,NA,6,NA,NA,3,4,348,1,188,24,NA,123,2,2,2456,5,6,NA,7,20,1,4,99,5,10,8,3,16,NA,NA,NA,NA,NA,NA,2,1,3847,3743,NA,104,NA,4,NA,2,1,54,3,25,12,11,14,12,2,1,83,9,2,3,5,1,7,95,52,22,6,NA,6,1,2,3,10,290,NA,225,7,1,126,1,1,2511,5,7,1,7,11,NA,1,81,6,5,5,NA,4,NA,NA,NA,NA,NA,NA,NA,NA,3640,3554,NA,86,NA,2,NA,5,NA,42,4,32,15,5,23,6,2,4,47,5,2,3,3,2,3,117,41,16,1,3,6,1,4,5,11,223,4,197,14,1,110,NA,4,2453,3,3,NA,4,29,1,3,42,6,12,12,NA,23,NA,NA,NA,NA,NA,NA,NA,NA,"University of Pittsburgh-Pittsburgh Campus","Upitt","Pennsylvania","","","","","Public","Pittsburgh",3954,2456,156,1342,62.1143146181082,3.9453717754173,33.9403136064745,3847,2511,104,1232,65.2716402391474,2.70340525084481,32.0249545100078,3640,2453,86,1101,67.3901098901099,2.36263736263736,30.2472527472527
218663,"University of South Carolina-Columbia",5110,5026,NA,84,NA,8,1,2,NA,20,9,69,19,2,68,247,1,NA,81,16,1,4,34,4,5,249,135,8,7,1,11,NA,4,1,9,270,NA,145,487,NA,117,1,5,197,13,2391,NA,47,43,1,4,266,2,10,11,NA,NA,NA,NA,NA,NA,NA,NA,NA,NA,4980,4979,NA,1,NA,6,NA,3,2,43,23,73,18,2,52,234,NA,2,58,14,1,NA,33,4,2,270,90,14,6,NA,7,NA,1,2,10,217,NA,95,491,NA,102,5,1,147,10,2480,NA,49,43,NA,4,294,6,6,6,NA,53,NA,NA,NA,NA,NA,NA,NA,NA,4625,4586,1,38,NA,2,NA,1,NA,39,15,46,12,3,57,213,NA,NA,42,11,2,2,35,5,2,222,81,15,6,1,10,NA,4,1,13,167,NA,76,425,NA,108,NA,2,151,11,2490,NA,37,46,3,NA,214,7,3,4,NA,2,NA,NA,1,NA,NA,NA,NA,NA,"University of South Carolina-Columbia","South Carolina","South Carolina","Peer","","","SEC","Public","Columbia",5110,2391,84,2635,46.7906066536204,1.64383561643836,51.5655577299413,4980,2480,1,2499,49.7991967871486,0.0200803212851406,50.1807228915663,4625,2490,38,2097,53.8378378378378,0.821621621621622,45.3405405405405
230764,"University of Utah",3601,3431,NA,119,51,3,3,21,2,243,58,8,NA,NA,23,13,11,123,39,3,3,1,1,5,5,13,14,9,12,NA,8,17,1,48,8,8,7,16,9,NA,7,5,34,12,2,2,2,2,54,2481,2,15,46,1,19,11,1,NA,NA,NA,NA,NA,NA,NA,NA,3151,3056,NA,95,NA,NA,7,19,1,194,40,7,1,NA,14,10,13,99,18,5,4,1,2,5,1,6,11,10,13,NA,2,8,2,53,7,9,5,9,4,2,6,3,27,22,3,2,1,5,70,2252,7,6,36,2,12,5,15,NA,NA,NA,NA,NA,NA,NA,NA,3494,3130,1,317,46,3,5,24,2,151,40,16,NA,NA,5,6,7,79,19,9,5,2,2,1,NA,11,9,18,10,NA,5,10,3,35,5,11,7,11,5,NA,15,3,16,20,NA,3,2,5,45,2434,3,16,32,1,14,5,NA,NA,NA,1,NA,NA,NA,NA,NA,"University of Utah","","Utah","","","","","Public","Salt Lake City",3601,2481,119,1001,68.8975284643155,3.30463760066648,27.7978339350181,3151,2252,95,804,71.4693748016503,3.01491589971438,25.5157092986354,3494,2434,317,743,69.6622781911849,9.07269605037207,21.265025758443
234076,"University of Virginia-Main Campus",3712,3528,NA,177,7,13,2,7,3,44,15,71,6,13,69,55,1,NA,17,6,1,1,13,5,2,84,67,9,4,3,7,1,2,NA,NA,109,1,132,49,NA,20,1,6,89,5,18,NA,24,70,1,3,2458,5,4,1,1,10,NA,NA,NA,NA,NA,NA,NA,NA,3724,3545,4,175,NA,4,1,8,4,50,15,41,6,9,82,67,1,2,30,5,NA,3,16,14,7,108,46,3,4,NA,6,1,4,3,1,112,4,119,48,NA,24,5,4,61,5,25,NA,26,67,2,1,2466,13,7,4,1,10,NA,NA,1,NA,2,NA,1,NA,3397,3208,NA,189,NA,9,NA,3,2,54,16,50,11,9,67,75,2,NA,24,3,NA,6,10,9,3,103,38,5,7,1,8,3,1,2,5,81,1,109,38,NA,25,2,5,62,5,15,1,34,67,2,1,2210,5,6,2,NA,11,NA,NA,NA,NA,NA,NA,NA,NA,"University of Virginia-Main Campus","","Virginia","","","","","Public","Charlottesville",3712,2458,4,1250,66.2176724137931,0.107758620689655,33.6745689655172,3724,2466,7,1251,66.219119226638,0.18796992481203,33.5929108485499,3397,2210,6,1181,65.0574035914042,0.176626435089785,34.765969973506
236948,"University of Washington-Seattle Campus",6475,5508,NA,955,12,2,7,24,2,566,42,4,1,NA,14,8,51,12,37,4,3,1,1,2,1,9,15,3,14,1,8,6,3,21,NA,15,8,10,1,1,8,4,93,9,1,4,NA,5,30,12,NA,11,4424,NA,8,2,NA,NA,NA,NA,NA,NA,NA,NA,NA,6272,5353,NA,918,1,NA,10,19,2,638,29,4,NA,2,5,5,42,23,18,4,4,6,1,NA,1,10,17,10,14,NA,8,6,1,32,2,9,1,12,5,1,4,5,69,8,1,1,1,2,40,5,3,9,4163,NA,10,7,84,NA,NA,NA,NA,NA,NA,NA,NA,6003,4984,NA,1019,NA,NA,10,13,1,465,36,2,NA,2,8,4,75,15,19,4,7,NA,1,2,NA,8,11,5,8,NA,6,10,2,17,3,8,6,3,2,1,6,NA,75,7,NA,2,NA,1,26,12,2,7,4015,NA,9,2,66,NA,NA,NA,NA,NA,NA,NA,NA,"University of Washington-Seattle Campus","","Washington","","","","","Public","Seattle",6475,4424,955,1096,68.3243243243243,14.7490347490347,16.9266409266409,6272,4163,918,1191,66.374362244898,14.6364795918367,18.9891581632653,6003,4015,1019,969,66.8832250541396,16.9748459103781,16.1419290354823
240444,"University of Wisconsin-Madison",6430,5891,NA,539,NA,1,3,13,1,168,29,48,3,19,40,21,4,1,636,13,14,5,4,NA,4,56,47,28,644,NA,21,2,3,1,4,91,2,168,5,1,26,1,5,27,3,1,1,17,15,NA,2,18,15,NA,3656,NA,4,NA,NA,NA,NA,NA,NA,NA,NA,6264,5913,NA,351,NA,1,NA,9,2,127,16,35,1,11,37,15,4,2,599,16,25,7,1,1,4,47,42,28,756,NA,25,NA,2,3,1,63,4,127,6,2,20,1,5,44,3,5,3,6,16,2,6,17,14,1,3749,1,1,NA,NA,NA,NA,NA,NA,NA,NA,6279,5695,NA,584,NA,1,1,7,2,158,21,29,NA,10,26,9,4,1,595,5,23,4,3,1,1,48,30,28,778,1,28,1,8,4,1,74,4,142,7,3,20,2,9,32,2,1,NA,3,27,1,1,20,11,2,3504,1,1,NA,NA,NA,NA,NA,NA,NA,NA,"University of Wisconsin-Madison","UWM","Wisconsin","","ASP","","","Public","Madison",6430,3656,539,2235,56.8584758942457,8.38258164852255,34.7589424572317,6264,3749,351,2164,59.8499361430396,5.60344827586207,34.5466155810983,6279,3504,584,2191,55.8050645007167,9.30084408345278,34.8940914158305
221999,"Vanderbilt University",1601,1469,NA,132,NA,29,NA,10,11,111,22,25,2,2,103,101,4,NA,126,23,4,16,32,20,NA,35,37,19,17,9,28,1,3,6,NA,88,2,103,30,NA,66,13,4,31,2,19,NA,133,99,4,NA,46,14,2,13,NA,4,NA,NA,NA,NA,NA,NA,NA,NA,1605,1489,NA,116,NA,45,NA,13,11,101,21,41,3,2,115,88,3,NA,135,14,8,9,41,9,2,32,50,21,12,12,31,NA,6,3,2,80,3,97,38,NA,59,11,6,49,NA,18,1,134,93,4,NA,23,13,3,23,1,3,NA,NA,NA,NA,NA,NA,NA,NA,1608,1508,1,99,NA,49,NA,6,17,89,17,27,1,2,104,91,NA,NA,122,24,9,11,31,16,2,39,49,25,7,11,47,NA,8,6,3,63,4,116,38,NA,52,10,9,44,3,25,NA,150,117,3,NA,43,2,1,10,NA,5,NA,NA,NA,NA,1,NA,NA,NA,"Vanderbilt University","Vanderbilt ","Tennessee","","","In-State","SEC","Private","Nashville",1601,133,132,1336,8.30730793254216,8.24484697064335,83.4478450968145,1605,134,116,1355,8.34890965732087,7.22741433021807,84.4236760124611,1608,150,99,1359,9.32835820895522,6.15671641791045,84.5149253731343
233921,"Virginia Polytechnic Institute and State University",5929,5640,1,288,NA,4,NA,1,2,27,5,31,19,6,36,23,1,NA,12,2,NA,2,2,2,3,214,50,9,3,NA,4,1,NA,NA,9,268,1,81,130,1,20,3,1,174,11,14,NA,16,31,NA,4,4347,6,15,3,NA,46,NA,NA,1,NA,NA,NA,NA,NA,5494,5170,1,323,NA,3,NA,6,1,26,10,31,20,6,25,41,4,NA,12,NA,NA,NA,4,3,8,267,39,5,3,NA,2,NA,2,1,16,255,NA,72,103,NA,36,NA,2,178,13,16,NA,30,12,NA,8,3839,6,17,4,NA,44,NA,NA,1,NA,NA,NA,NA,NA,5487,5198,NA,289,NA,2,1,6,NA,23,8,31,31,5,33,29,2,NA,6,3,NA,NA,5,2,10,287,38,2,1,NA,2,2,NA,NA,11,228,2,67,140,NA,32,1,3,188,5,15,NA,27,20,1,4,3864,3,18,2,NA,38,NA,NA,NA,NA,NA,NA,NA,NA,"Virginia Polytechnic Institute and State University","Va Tech","Virginia","Peer","","","","Public","Blacksburg",5929,4347,15,1567,73.3175914994097,0.252993759487266,26.4294147411031,5494,3839,17,1638,69.8762286130324,0.309428467419003,29.8143429195486,5487,3864,18,1605,70.4209950792783,0.328048113723346,29.2509568069984
